query,execution_time_seconds,rows,success
q1a,0.12544989585876465,0,True
q1b,27.177663326263428,366539,True
q1c,0.015554428100585938,51,True
