:START_ID(Customer),:END_ID(Terminal),tx_count:INT,:TYPE
0,T29,317,USED_TERMINAL
0,T87,282,USED_TERMINAL
0,T128,301,USED_TERMINAL
0,T143,296,USED_TERMINAL
0,T144,273,USED_TERMINAL
0,T145,314,USED_TERMINAL
0,T164,291,USED_TERMINAL
1,T0,478,USED_TERMINAL
1,T5,483,USED_TERMINAL
1,T8,516,USED_TERMINAL
1,T46,461,USED_TERMINAL
1,T117,545,USED_TERMINAL
1,T160,486,USED_TERMINAL
1,T190,492,USED_TERMINAL
2,T38,1006,USED_TERMINAL
2,T51,964,USED_TERMINAL
3,T63,51,USED_TERMINAL
3,T65,42,USED_TERMINAL
3,T94,61,USED_TERMINAL
3,T99,50,USED_TERMINAL
3,T113,67,USED_TERMINAL
3,T197,52,USED_TERMINAL
4,T19,1118,USED_TERMINAL
4,T53,1100,USED_TERMINAL
4,T57,1144,USED_TERMINAL
5,T20,1536,USED_TERMINAL
5,T79,1566,USED_TERMINAL
6,T7,804,USED_TERMINAL
6,T78,744,USED_TERMINAL
6,T93,723,USED_TERMINAL
6,T163,725,USED_TERMINAL
6,T172,727,USED_TERMINAL
7,T86,1060,USED_TERMINAL
7,T146,1001,USED_TERMINAL
7,T162,953,USED_TERMINAL
8,T4,269,USED_TERMINAL
8,T8,300,USED_TERMINAL
8,T46,313,USED_TERMINAL
8,T115,288,USED_TERMINAL
8,T117,313,USED_TERMINAL
8,T160,297,USED_TERMINAL
8,T190,290,USED_TERMINAL
8,T199,282,USED_TERMINAL
9,T29,345,USED_TERMINAL
9,T44,346,USED_TERMINAL
9,T84,316,USED_TERMINAL
9,T103,295,USED_TERMINAL
9,T128,305,USED_TERMINAL
9,T151,329,USED_TERMINAL
9,T164,304,USED_TERMINAL
9,T173,322,USED_TERMINAL
10,T50,77,USED_TERMINAL
10,T102,89,USED_TERMINAL
10,T134,64,USED_TERMINAL
11,T29,140,USED_TERMINAL
11,T44,136,USED_TERMINAL
11,T131,107,USED_TERMINAL
11,T173,132,USED_TERMINAL
12,T134,855,USED_TERMINAL
12,T135,873,USED_TERMINAL
13,T35,313,USED_TERMINAL
13,T149,285,USED_TERMINAL
14,T17,106,USED_TERMINAL
14,T76,108,USED_TERMINAL
14,T88,87,USED_TERMINAL
14,T90,113,USED_TERMINAL
14,T141,114,USED_TERMINAL
14,T154,87,USED_TERMINAL
14,T158,98,USED_TERMINAL
14,T177,108,USED_TERMINAL
14,T189,102,USED_TERMINAL
15,T2,65,USED_TERMINAL
15,T9,60,USED_TERMINAL
15,T55,75,USED_TERMINAL
15,T71,69,USED_TERMINAL
15,T82,59,USED_TERMINAL
15,T106,81,USED_TERMINAL
15,T156,68,USED_TERMINAL
15,T161,77,USED_TERMINAL
16,T3,140,USED_TERMINAL
16,T110,124,USED_TERMINAL
16,T138,115,USED_TERMINAL
17,T35,332,USED_TERMINAL
17,T91,345,USED_TERMINAL
17,T109,366,USED_TERMINAL
17,T167,345,USED_TERMINAL
17,T174,344,USED_TERMINAL
18,T16,5,USED_TERMINAL
18,T34,9,USED_TERMINAL
18,T40,18,USED_TERMINAL
18,T48,15,USED_TERMINAL
18,T52,13,USED_TERMINAL
18,T100,10,USED_TERMINAL
18,T101,16,USED_TERMINAL
18,T137,17,USED_TERMINAL
18,T181,18,USED_TERMINAL
18,T182,13,USED_TERMINAL
18,T183,14,USED_TERMINAL
19,T24,70,USED_TERMINAL
19,T95,55,USED_TERMINAL
19,T147,59,USED_TERMINAL
19,T156,72,USED_TERMINAL
19,T161,64,USED_TERMINAL
19,T180,54,USED_TERMINAL
19,T196,45,USED_TERMINAL
20,T134,2751,USED_TERMINAL
21,T76,71,USED_TERMINAL
21,T90,86,USED_TERMINAL
21,T121,64,USED_TERMINAL
21,T141,87,USED_TERMINAL
21,T154,77,USED_TERMINAL
22,T63,460,USED_TERMINAL
22,T65,424,USED_TERMINAL
22,T94,427,USED_TERMINAL
22,T99,417,USED_TERMINAL
22,T113,428,USED_TERMINAL
22,T197,454,USED_TERMINAL
23,T36,87,USED_TERMINAL
23,T57,80,USED_TERMINAL
23,T73,79,USED_TERMINAL
23,T93,70,USED_TERMINAL
23,T111,73,USED_TERMINAL
23,T163,66,USED_TERMINAL
23,T165,81,USED_TERMINAL
23,T172,59,USED_TERMINAL
23,T186,76,USED_TERMINAL
24,T66,14,USED_TERMINAL
24,T74,12,USED_TERMINAL
25,T17,483,USED_TERMINAL
25,T88,515,USED_TERMINAL
25,T90,452,USED_TERMINAL
25,T141,453,USED_TERMINAL
25,T154,476,USED_TERMINAL
25,T158,494,USED_TERMINAL
25,T177,466,USED_TERMINAL
25,T189,470,USED_TERMINAL
26,T50,286,USED_TERMINAL
26,T78,309,USED_TERMINAL
26,T80,303,USED_TERMINAL
26,T93,314,USED_TERMINAL
26,T129,351,USED_TERMINAL
26,T157,296,USED_TERMINAL
26,T166,318,USED_TERMINAL
27,T6,1142,USED_TERMINAL
27,T14,1127,USED_TERMINAL
27,T42,1162,USED_TERMINAL
28,T17,207,USED_TERMINAL
28,T41,236,USED_TERMINAL
28,T88,222,USED_TERMINAL
28,T116,214,USED_TERMINAL
28,T141,200,USED_TERMINAL
28,T158,197,USED_TERMINAL
28,T177,223,USED_TERMINAL
29,T16,242,USED_TERMINAL
29,T34,228,USED_TERMINAL
29,T40,240,USED_TERMINAL
29,T48,270,USED_TERMINAL
29,T52,239,USED_TERMINAL
29,T62,252,USED_TERMINAL
29,T100,244,USED_TERMINAL
29,T101,204,USED_TERMINAL
29,T122,255,USED_TERMINAL
29,T169,234,USED_TERMINAL
29,T181,255,USED_TERMINAL
30,T31,437,USED_TERMINAL
30,T33,423,USED_TERMINAL
30,T133,445,USED_TERMINAL
30,T151,413,USED_TERMINAL
30,T178,396,USED_TERMINAL
30,T193,438,USED_TERMINAL
31,T4,161,USED_TERMINAL
31,T5,130,USED_TERMINAL
31,T8,153,USED_TERMINAL
31,T46,156,USED_TERMINAL
31,T115,153,USED_TERMINAL
31,T117,155,USED_TERMINAL
31,T160,154,USED_TERMINAL
31,T190,168,USED_TERMINAL
32,T17,297,USED_TERMINAL
32,T88,313,USED_TERMINAL
32,T90,274,USED_TERMINAL
32,T141,259,USED_TERMINAL
32,T154,272,USED_TERMINAL
32,T177,275,USED_TERMINAL
33,T3,456,USED_TERMINAL
33,T26,448,USED_TERMINAL
33,T64,521,USED_TERMINAL
33,T89,475,USED_TERMINAL
33,T110,428,USED_TERMINAL
34,T29,200,USED_TERMINAL
34,T44,220,USED_TERMINAL
34,T84,194,USED_TERMINAL
34,T87,200,USED_TERMINAL
34,T117,219,USED_TERMINAL
34,T128,209,USED_TERMINAL
34,T144,214,USED_TERMINAL
34,T164,198,USED_TERMINAL
35,T23,733,USED_TERMINAL
35,T38,714,USED_TERMINAL
35,T51,695,USED_TERMINAL
35,T68,655,USED_TERMINAL
35,T132,659,USED_TERMINAL
36,T39,544,USED_TERMINAL
36,T69,544,USED_TERMINAL
36,T96,486,USED_TERMINAL
36,T122,504,USED_TERMINAL
36,T131,485,USED_TERMINAL
36,T175,515,USED_TERMINAL
36,T188,481,USED_TERMINAL
37,T10,676,USED_TERMINAL
37,T54,706,USED_TERMINAL
37,T58,705,USED_TERMINAL
37,T124,648,USED_TERMINAL
37,T179,664,USED_TERMINAL
38,T78,841,USED_TERMINAL
38,T93,793,USED_TERMINAL
38,T163,855,USED_TERMINAL
38,T172,849,USED_TERMINAL
39,T40,49,USED_TERMINAL
39,T48,46,USED_TERMINAL
39,T62,48,USED_TERMINAL
39,T122,37,USED_TERMINAL
39,T169,43,USED_TERMINAL
39,T181,43,USED_TERMINAL
40,T31,538,USED_TERMINAL
40,T33,519,USED_TERMINAL
40,T133,567,USED_TERMINAL
40,T136,591,USED_TERMINAL
40,T178,572,USED_TERMINAL
40,T193,560,USED_TERMINAL
41,T79,456,USED_TERMINAL
41,T104,430,USED_TERMINAL
41,T155,432,USED_TERMINAL
42,T59,61,USED_TERMINAL
42,T67,61,USED_TERMINAL
42,T158,44,USED_TERMINAL
42,T189,51,USED_TERMINAL
43,T2,208,USED_TERMINAL
43,T82,156,USED_TERMINAL
43,T95,180,USED_TERMINAL
43,T161,180,USED_TERMINAL
43,T196,169,USED_TERMINAL
44,T42,15,USED_TERMINAL
44,T43,19,USED_TERMINAL
44,T85,13,USED_TERMINAL
44,T105,11,USED_TERMINAL
44,T112,19,USED_TERMINAL
44,T120,15,USED_TERMINAL
44,T126,12,USED_TERMINAL
44,T168,13,USED_TERMINAL
45,T78,217,USED_TERMINAL
45,T93,243,USED_TERMINAL
45,T163,219,USED_TERMINAL
45,T172,221,USED_TERMINAL
46,T16,196,USED_TERMINAL
46,T34,177,USED_TERMINAL
46,T40,210,USED_TERMINAL
46,T48,207,USED_TERMINAL
46,T52,181,USED_TERMINAL
46,T56,210,USED_TERMINAL
46,T100,204,USED_TERMINAL
46,T101,170,USED_TERMINAL
46,T137,180,USED_TERMINAL
46,T181,164,USED_TERMINAL
46,T182,184,USED_TERMINAL
46,T183,184,USED_TERMINAL
47,T17,171,USED_TERMINAL
47,T41,138,USED_TERMINAL
47,T88,166,USED_TERMINAL
47,T116,167,USED_TERMINAL
47,T141,205,USED_TERMINAL
48,T6,462,USED_TERMINAL
48,T14,484,USED_TERMINAL
48,T42,469,USED_TERMINAL
48,T45,477,USED_TERMINAL
49,T26,415,USED_TERMINAL
49,T110,423,USED_TERMINAL
49,T176,395,USED_TERMINAL
49,T192,419,USED_TERMINAL
50,T11,142,USED_TERMINAL
50,T21,131,USED_TERMINAL
50,T73,142,USED_TERMINAL
50,T77,147,USED_TERMINAL
50,T198,165,USED_TERMINAL
51,T13,433,USED_TERMINAL
51,T60,432,USED_TERMINAL
51,T71,454,USED_TERMINAL
51,T72,421,USED_TERMINAL
52,T63,110,USED_TERMINAL
52,T65,107,USED_TERMINAL
52,T94,116,USED_TERMINAL
52,T99,97,USED_TERMINAL
52,T113,105,USED_TERMINAL
52,T127,90,USED_TERMINAL
52,T143,111,USED_TERMINAL
52,T197,94,USED_TERMINAL
53,T17,342,USED_TERMINAL
53,T88,345,USED_TERMINAL
53,T90,331,USED_TERMINAL
53,T141,342,USED_TERMINAL
53,T154,336,USED_TERMINAL
53,T158,366,USED_TERMINAL
53,T177,368,USED_TERMINAL
53,T189,385,USED_TERMINAL
54,T134,3172,USED_TERMINAL
55,T18,372,USED_TERMINAL
55,T63,389,USED_TERMINAL
55,T81,370,USED_TERMINAL
55,T99,440,USED_TERMINAL
55,T113,415,USED_TERMINAL
55,T124,401,USED_TERMINAL
55,T127,379,USED_TERMINAL
55,T197,402,USED_TERMINAL
56,T6,279,USED_TERMINAL
56,T14,263,USED_TERMINAL
56,T45,295,USED_TERMINAL
57,T20,111,USED_TERMINAL
57,T56,125,USED_TERMINAL
57,T69,128,USED_TERMINAL
57,T101,120,USED_TERMINAL
57,T137,120,USED_TERMINAL
57,T182,132,USED_TERMINAL
57,T188,96,USED_TERMINAL
58,T27,550,USED_TERMINAL
58,T66,565,USED_TERMINAL
58,T74,555,USED_TERMINAL
59,T4,532,USED_TERMINAL
59,T50,600,USED_TERMINAL
59,T102,591,USED_TERMINAL
59,T134,566,USED_TERMINAL
60,T35,524,USED_TERMINAL
61,T17,78,USED_TERMINAL
61,T31,90,USED_TERMINAL
61,T41,83,USED_TERMINAL
61,T68,96,USED_TERMINAL
61,T133,72,USED_TERMINAL
61,T177,80,USED_TERMINAL
61,T178,84,USED_TERMINAL
61,T193,88,USED_TERMINAL
62,T15,347,USED_TERMINAL
62,T22,294,USED_TERMINAL
62,T30,354,USED_TERMINAL
62,T80,361,USED_TERMINAL
62,T83,361,USED_TERMINAL
62,T107,324,USED_TERMINAL
62,T138,329,USED_TERMINAL
62,T152,322,USED_TERMINAL
62,T157,355,USED_TERMINAL
62,T166,324,USED_TERMINAL
62,T194,319,USED_TERMINAL
63,T39,62,USED_TERMINAL
63,T69,48,USED_TERMINAL
63,T96,71,USED_TERMINAL
63,T131,74,USED_TERMINAL
63,T175,63,USED_TERMINAL
64,T84,174,USED_TERMINAL
64,T103,156,USED_TERMINAL
64,T115,145,USED_TERMINAL
64,T117,187,USED_TERMINAL
64,T128,172,USED_TERMINAL
64,T164,161,USED_TERMINAL
64,T199,161,USED_TERMINAL
65,T2,407,USED_TERMINAL
65,T24,434,USED_TERMINAL
65,T55,389,USED_TERMINAL
65,T95,377,USED_TERMINAL
65,T106,415,USED_TERMINAL
65,T156,390,USED_TERMINAL
65,T161,375,USED_TERMINAL
65,T180,396,USED_TERMINAL
65,T196,400,USED_TERMINAL
66,T18,439,USED_TERMINAL
66,T81,437,USED_TERMINAL
66,T96,460,USED_TERMINAL
66,T127,456,USED_TERMINAL
66,T197,491,USED_TERMINAL
67,T15,387,USED_TERMINAL
67,T22,390,USED_TERMINAL
67,T30,380,USED_TERMINAL
67,T32,388,USED_TERMINAL
67,T83,358,USED_TERMINAL
67,T107,413,USED_TERMINAL
67,T123,387,USED_TERMINAL
67,T152,382,USED_TERMINAL
67,T194,381,USED_TERMINAL
68,T42,446,USED_TERMINAL
68,T43,506,USED_TERMINAL
68,T85,415,USED_TERMINAL
68,T105,409,USED_TERMINAL
68,T112,428,USED_TERMINAL
68,T120,430,USED_TERMINAL
68,T126,476,USED_TERMINAL
68,T168,485,USED_TERMINAL
69,T20,1102,USED_TERMINAL
69,T69,1191,USED_TERMINAL
69,T79,1096,USED_TERMINAL
70,T6,4,USED_TERMINAL
70,T21,11,USED_TERMINAL
70,T42,8,USED_TERMINAL
70,T92,4,USED_TERMINAL
70,T120,7,USED_TERMINAL
70,T139,5,USED_TERMINAL
70,T142,7,USED_TERMINAL
70,T159,7,USED_TERMINAL
70,T168,6,USED_TERMINAL
70,T195,5,USED_TERMINAL
71,T24,245,USED_TERMINAL
71,T37,278,USED_TERMINAL
71,T147,244,USED_TERMINAL
71,T148,258,USED_TERMINAL
71,T153,267,USED_TERMINAL
71,T156,258,USED_TERMINAL
71,T180,283,USED_TERMINAL
72,T5,63,USED_TERMINAL
72,T46,67,USED_TERMINAL
72,T117,70,USED_TERMINAL
72,T128,76,USED_TERMINAL
72,T160,62,USED_TERMINAL
72,T164,72,USED_TERMINAL
72,T190,72,USED_TERMINAL
72,T199,62,USED_TERMINAL
73,T35,222,USED_TERMINAL
73,T67,231,USED_TERMINAL
73,T116,225,USED_TERMINAL
73,T158,237,USED_TERMINAL
74,T14,922,USED_TERMINAL
74,T36,964,USED_TERMINAL
74,T45,940,USED_TERMINAL
74,T111,944,USED_TERMINAL
75,T20,70,USED_TERMINAL
75,T56,65,USED_TERMINAL
75,T69,70,USED_TERMINAL
75,T79,63,USED_TERMINAL
75,T188,61,USED_TERMINAL
76,T37,49,USED_TERMINAL
76,T47,46,USED_TERMINAL
76,T135,40,USED_TERMINAL
76,T153,54,USED_TERMINAL
77,T91,190,USED_TERMINAL
77,T167,192,USED_TERMINAL
77,T174,199,USED_TERMINAL
78,T2,167,USED_TERMINAL
78,T13,188,USED_TERMINAL
78,T60,197,USED_TERMINAL
78,T71,187,USED_TERMINAL
78,T72,193,USED_TERMINAL
79,T4,270,USED_TERMINAL
79,T8,284,USED_TERMINAL
79,T46,299,USED_TERMINAL
79,T50,298,USED_TERMINAL
79,T102,283,USED_TERMINAL
79,T115,314,USED_TERMINAL
79,T117,269,USED_TERMINAL
79,T160,292,USED_TERMINAL
79,T190,301,USED_TERMINAL
79,T199,286,USED_TERMINAL
80,T24,131,USED_TERMINAL
80,T55,133,USED_TERMINAL
80,T95,147,USED_TERMINAL
80,T106,134,USED_TERMINAL
80,T147,139,USED_TERMINAL
80,T156,160,USED_TERMINAL
80,T161,145,USED_TERMINAL
80,T180,153,USED_TERMINAL
81,T50,532,USED_TERMINAL
81,T80,550,USED_TERMINAL
81,T138,551,USED_TERMINAL
81,T157,510,USED_TERMINAL
81,T166,534,USED_TERMINAL
82,T138,3029,USED_TERMINAL
83,T7,513,USED_TERMINAL
83,T19,450,USED_TERMINAL
83,T25,490,USED_TERMINAL
83,T49,519,USED_TERMINAL
83,T57,487,USED_TERMINAL
83,T172,521,USED_TERMINAL
84,T3,339,USED_TERMINAL
84,T110,362,USED_TERMINAL
84,T138,342,USED_TERMINAL
85,T37,39,USED_TERMINAL
85,T47,55,USED_TERMINAL
85,T153,34,USED_TERMINAL
85,T180,37,USED_TERMINAL
86,T91,266,USED_TERMINAL
86,T109,304,USED_TERMINAL
86,T167,304,USED_TERMINAL
86,T174,281,USED_TERMINAL
87,T65,36,USED_TERMINAL
87,T94,33,USED_TERMINAL
87,T99,46,USED_TERMINAL
87,T113,26,USED_TERMINAL
88,T4,363,USED_TERMINAL
88,T8,309,USED_TERMINAL
88,T46,314,USED_TERMINAL
88,T102,306,USED_TERMINAL
88,T115,336,USED_TERMINAL
88,T162,365,USED_TERMINAL
88,T190,364,USED_TERMINAL
88,T199,325,USED_TERMINAL
89,T24,630,USED_TERMINAL
89,T95,626,USED_TERMINAL
89,T147,603,USED_TERMINAL
89,T156,590,USED_TERMINAL
89,T161,634,USED_TERMINAL
89,T180,624,USED_TERMINAL
90,T6,305,USED_TERMINAL
90,T14,287,USED_TERMINAL
90,T42,330,USED_TERMINAL
90,T45,306,USED_TERMINAL
90,T142,288,USED_TERMINAL
90,T159,302,USED_TERMINAL
91,T62,387,USED_TERMINAL
91,T169,383,USED_TERMINAL
91,T178,418,USED_TERMINAL
91,T181,415,USED_TERMINAL
92,T40,152,USED_TERMINAL
92,T52,146,USED_TERMINAL
92,T56,143,USED_TERMINAL
92,T69,168,USED_TERMINAL
92,T101,141,USED_TERMINAL
92,T137,169,USED_TERMINAL
92,T182,165,USED_TERMINAL
92,T188,162,USED_TERMINAL
93,T39,104,USED_TERMINAL
93,T44,96,USED_TERMINAL
93,T122,88,USED_TERMINAL
93,T131,75,USED_TERMINAL
93,T151,84,USED_TERMINAL
93,T173,94,USED_TERMINAL
93,T175,84,USED_TERMINAL
94,T10,356,USED_TERMINAL
94,T58,376,USED_TERMINAL
94,T114,379,USED_TERMINAL
94,T150,387,USED_TERMINAL
94,T170,385,USED_TERMINAL
94,T179,365,USED_TERMINAL
95,T62,429,USED_TERMINAL
95,T68,429,USED_TERMINAL
95,T169,422,USED_TERMINAL
95,T178,437,USED_TERMINAL
95,T181,465,USED_TERMINAL
96,T10,43,USED_TERMINAL
96,T12,54,USED_TERMINAL
96,T58,58,USED_TERMINAL
96,T97,56,USED_TERMINAL
96,T114,56,USED_TERMINAL
96,T130,52,USED_TERMINAL
96,T140,47,USED_TERMINAL
96,T150,43,USED_TERMINAL
96,T155,57,USED_TERMINAL
96,T170,44,USED_TERMINAL
96,T171,57,USED_TERMINAL
96,T179,37,USED_TERMINAL
97,T31,239,USED_TERMINAL
97,T86,254,USED_TERMINAL
97,T133,215,USED_TERMINAL
97,T136,215,USED_TERMINAL
97,T146,265,USED_TERMINAL
97,T154,237,USED_TERMINAL
97,T177,238,USED_TERMINAL
98,T6,318,USED_TERMINAL
98,T14,342,USED_TERMINAL
98,T21,337,USED_TERMINAL
98,T42,331,USED_TERMINAL
98,T92,322,USED_TERMINAL
98,T120,360,USED_TERMINAL
98,T139,331,USED_TERMINAL
98,T142,330,USED_TERMINAL
98,T159,342,USED_TERMINAL
98,T168,343,USED_TERMINAL
98,T195,317,USED_TERMINAL
99,T134,381,USED_TERMINAL
99,T135,357,USED_TERMINAL
100,T43,612,USED_TERMINAL
100,T105,577,USED_TERMINAL
100,T112,604,USED_TERMINAL
100,T120,578,USED_TERMINAL
100,T126,577,USED_TERMINAL
100,T168,675,USED_TERMINAL
101,T51,154,USED_TERMINAL
101,T62,167,USED_TERMINAL
101,T68,139,USED_TERMINAL
101,T169,136,USED_TERMINAL
101,T178,128,USED_TERMINAL
101,T181,168,USED_TERMINAL
102,T66,842,USED_TERMINAL
102,T74,838,USED_TERMINAL
103,T1,212,USED_TERMINAL
103,T9,183,USED_TERMINAL
103,T61,202,USED_TERMINAL
103,T64,190,USED_TERMINAL
103,T98,220,USED_TERMINAL
104,T2,827,USED_TERMINAL
104,T13,751,USED_TERMINAL
104,T82,841,USED_TERMINAL
105,T97,194,USED_TERMINAL
105,T104,210,USED_TERMINAL
105,T155,220,USED_TERMINAL
106,T31,36,USED_TERMINAL
106,T33,34,USED_TERMINAL
106,T84,31,USED_TERMINAL
106,T103,35,USED_TERMINAL
106,T133,29,USED_TERMINAL
106,T136,37,USED_TERMINAL
106,T146,24,USED_TERMINAL
106,T151,40,USED_TERMINAL
107,T17,427,USED_TERMINAL
107,T41,423,USED_TERMINAL
107,T67,442,USED_TERMINAL
107,T116,455,USED_TERMINAL
107,T132,416,USED_TERMINAL
107,T158,428,USED_TERMINAL
108,T11,260,USED_TERMINAL
108,T73,273,USED_TERMINAL
108,T77,259,USED_TERMINAL
108,T78,276,USED_TERMINAL
108,T93,273,USED_TERMINAL
108,T129,293,USED_TERMINAL
109,T76,395,USED_TERMINAL
109,T86,430,USED_TERMINAL
109,T154,404,USED_TERMINAL
109,T177,393,USED_TERMINAL
110,T21,35,USED_TERMINAL
110,T119,39,USED_TERMINAL
110,T120,26,USED_TERMINAL
110,T139,33,USED_TERMINAL
110,T168,30,USED_TERMINAL
110,T198,26,USED_TERMINAL
111,T3,632,USED_TERMINAL
111,T26,617,USED_TERMINAL
111,T110,659,USED_TERMINAL
111,T138,676,USED_TERMINAL
111,T176,671,USED_TERMINAL
111,T192,666,USED_TERMINAL
112,T12,611,USED_TERMINAL
112,T79,602,USED_TERMINAL
112,T97,612,USED_TERMINAL
112,T104,600,USED_TERMINAL
112,T140,639,USED_TERMINAL
112,T155,697,USED_TERMINAL
113,T24,125,USED_TERMINAL
113,T55,107,USED_TERMINAL
113,T95,105,USED_TERMINAL
113,T106,116,USED_TERMINAL
113,T156,125,USED_TERMINAL
113,T161,116,USED_TERMINAL
113,T180,100,USED_TERMINAL
113,T196,137,USED_TERMINAL
114,T59,1660,USED_TERMINAL
114,T91,1732,USED_TERMINAL
115,T3,1426,USED_TERMINAL
115,T138,1387,USED_TERMINAL
116,T24,130,USED_TERMINAL
116,T26,139,USED_TERMINAL
116,T55,121,USED_TERMINAL
116,T106,115,USED_TERMINAL
116,T156,159,USED_TERMINAL
116,T161,116,USED_TERMINAL
116,T176,124,USED_TERMINAL
116,T180,146,USED_TERMINAL
116,T192,132,USED_TERMINAL
117,T23,953,USED_TERMINAL
117,T67,935,USED_TERMINAL
117,T116,918,USED_TERMINAL
117,T132,900,USED_TERMINAL
118,T18,354,USED_TERMINAL
118,T63,356,USED_TERMINAL
118,T81,378,USED_TERMINAL
118,T99,356,USED_TERMINAL
118,T113,386,USED_TERMINAL
118,T124,370,USED_TERMINAL
118,T127,345,USED_TERMINAL
118,T197,368,USED_TERMINAL
119,T54,343,USED_TERMINAL
119,T58,352,USED_TERMINAL
119,T99,339,USED_TERMINAL
119,T124,363,USED_TERMINAL
119,T179,377,USED_TERMINAL
120,T1,291,USED_TERMINAL
120,T61,272,USED_TERMINAL
120,T64,266,USED_TERMINAL
120,T89,257,USED_TERMINAL
120,T98,278,USED_TERMINAL
120,T187,258,USED_TERMINAL
121,T78,704,USED_TERMINAL
121,T93,702,USED_TERMINAL
121,T107,686,USED_TERMINAL
121,T163,702,USED_TERMINAL
121,T172,631,USED_TERMINAL
122,T16,276,USED_TERMINAL
122,T34,306,USED_TERMINAL
122,T48,277,USED_TERMINAL
122,T52,278,USED_TERMINAL
122,T100,307,USED_TERMINAL
122,T181,249,USED_TERMINAL
122,T182,292,USED_TERMINAL
122,T183,291,USED_TERMINAL
123,T38,256,USED_TERMINAL
123,T51,283,USED_TERMINAL
123,T68,257,USED_TERMINAL
123,T132,269,USED_TERMINAL
124,T134,997,USED_TERMINAL
124,T162,985,USED_TERMINAL
125,T134,2931,USED_TERMINAL
126,T42,20,USED_TERMINAL
126,T85,27,USED_TERMINAL
126,T105,18,USED_TERMINAL
126,T112,31,USED_TERMINAL
126,T120,27,USED_TERMINAL
126,T126,32,USED_TERMINAL
126,T168,28,USED_TERMINAL
127,T80,292,USED_TERMINAL
127,T138,235,USED_TERMINAL
127,T152,283,USED_TERMINAL
127,T157,255,USED_TERMINAL
127,T166,257,USED_TERMINAL
128,T39,382,USED_TERMINAL
128,T44,409,USED_TERMINAL
128,T96,401,USED_TERMINAL
128,T122,433,USED_TERMINAL
128,T131,359,USED_TERMINAL
128,T173,411,USED_TERMINAL
128,T175,394,USED_TERMINAL
129,T3,681,USED_TERMINAL
129,T26,681,USED_TERMINAL
129,T110,702,USED_TERMINAL
129,T138,707,USED_TERMINAL
129,T192,674,USED_TERMINAL
130,T76,1435,USED_TERMINAL
130,T154,1389,USED_TERMINAL
131,T1,880,USED_TERMINAL
131,T89,891,USED_TERMINAL
131,T123,899,USED_TERMINAL
131,T187,873,USED_TERMINAL
132,T15,172,USED_TERMINAL
132,T22,188,USED_TERMINAL
132,T30,187,USED_TERMINAL
132,T83,160,USED_TERMINAL
132,T89,182,USED_TERMINAL
132,T123,179,USED_TERMINAL
132,T152,154,USED_TERMINAL
132,T187,155,USED_TERMINAL
133,T17,62,USED_TERMINAL
133,T76,59,USED_TERMINAL
133,T88,71,USED_TERMINAL
133,T90,62,USED_TERMINAL
133,T141,58,USED_TERMINAL
133,T154,62,USED_TERMINAL
133,T177,56,USED_TERMINAL
134,T29,596,USED_TERMINAL
134,T87,616,USED_TERMINAL
134,T128,612,USED_TERMINAL
134,T144,626,USED_TERMINAL
134,T145,608,USED_TERMINAL
134,T164,644,USED_TERMINAL
135,T7,429,USED_TERMINAL
135,T25,453,USED_TERMINAL
135,T49,450,USED_TERMINAL
135,T118,446,USED_TERMINAL
135,T172,471,USED_TERMINAL
137,T86,177,USED_TERMINAL
137,T154,200,USED_TERMINAL
138,T4,32,USED_TERMINAL
138,T8,52,USED_TERMINAL
138,T46,36,USED_TERMINAL
138,T102,41,USED_TERMINAL
138,T115,27,USED_TERMINAL
138,T117,43,USED_TERMINAL
138,T162,44,USED_TERMINAL
138,T190,47,USED_TERMINAL
138,T199,52,USED_TERMINAL
139,T3,582,USED_TERMINAL
139,T80,575,USED_TERMINAL
139,T110,576,USED_TERMINAL
139,T138,556,USED_TERMINAL
139,T152,592,USED_TERMINAL
139,T157,595,USED_TERMINAL
140,T28,431,USED_TERMINAL
140,T59,416,USED_TERMINAL
140,T70,477,USED_TERMINAL
140,T76,374,USED_TERMINAL
140,T90,391,USED_TERMINAL
140,T121,400,USED_TERMINAL
140,T184,409,USED_TERMINAL
140,T189,421,USED_TERMINAL
141,T43,680,USED_TERMINAL
141,T63,707,USED_TERMINAL
141,T65,693,USED_TERMINAL
141,T94,734,USED_TERMINAL
141,T113,723,USED_TERMINAL
142,T10,16,USED_TERMINAL
142,T12,14,USED_TERMINAL
142,T58,15,USED_TERMINAL
142,T97,17,USED_TERMINAL
142,T114,19,USED_TERMINAL
142,T140,13,USED_TERMINAL
142,T150,12,USED_TERMINAL
142,T170,15,USED_TERMINAL
142,T179,8,USED_TERMINAL
143,T3,158,USED_TERMINAL
143,T15,178,USED_TERMINAL
143,T22,168,USED_TERMINAL
143,T30,170,USED_TERMINAL
143,T110,154,USED_TERMINAL
143,T138,176,USED_TERMINAL
143,T152,179,USED_TERMINAL
144,T6,474,USED_TERMINAL
144,T14,500,USED_TERMINAL
144,T36,499,USED_TERMINAL
144,T45,514,USED_TERMINAL
144,T111,487,USED_TERMINAL
144,T142,483,USED_TERMINAL
144,T159,471,USED_TERMINAL
145,T73,46,USED_TERMINAL
145,T78,38,USED_TERMINAL
145,T93,34,USED_TERMINAL
145,T163,41,USED_TERMINAL
145,T165,42,USED_TERMINAL
145,T172,37,USED_TERMINAL
145,T186,38,USED_TERMINAL
146,T17,37,USED_TERMINAL
146,T88,42,USED_TERMINAL
146,T90,29,USED_TERMINAL
146,T141,47,USED_TERMINAL
146,T158,39,USED_TERMINAL
146,T189,22,USED_TERMINAL
147,T45,659,USED_TERMINAL
147,T53,676,USED_TERMINAL
147,T75,673,USED_TERMINAL
147,T108,734,USED_TERMINAL
147,T125,674,USED_TERMINAL
148,T33,567,USED_TERMINAL
148,T44,588,USED_TERMINAL
148,T84,556,USED_TERMINAL
148,T103,570,USED_TERMINAL
148,T133,562,USED_TERMINAL
148,T151,533,USED_TERMINAL
148,T173,577,USED_TERMINAL
149,T4,891,USED_TERMINAL
149,T50,958,USED_TERMINAL
149,T102,970,USED_TERMINAL
149,T134,980,USED_TERMINAL
150,T3,48,USED_TERMINAL
150,T26,48,USED_TERMINAL
150,T64,45,USED_TERMINAL
150,T110,50,USED_TERMINAL
150,T192,32,USED_TERMINAL
151,T33,122,USED_TERMINAL
151,T84,136,USED_TERMINAL
151,T103,127,USED_TERMINAL
151,T133,132,USED_TERMINAL
151,T136,130,USED_TERMINAL
151,T146,132,USED_TERMINAL
151,T162,144,USED_TERMINAL
152,T86,620,USED_TERMINAL
152,T154,624,USED_TERMINAL
153,T35,465,USED_TERMINAL
153,T149,403,USED_TERMINAL
153,T191,445,USED_TERMINAL
154,T29,559,USED_TERMINAL
154,T44,506,USED_TERMINAL
154,T84,556,USED_TERMINAL
154,T87,530,USED_TERMINAL
154,T128,576,USED_TERMINAL
154,T144,548,USED_TERMINAL
154,T164,526,USED_TERMINAL
155,T0,480,USED_TERMINAL
155,T5,518,USED_TERMINAL
155,T11,517,USED_TERMINAL
155,T21,538,USED_TERMINAL
155,T139,540,USED_TERMINAL
155,T198,505,USED_TERMINAL
156,T12,443,USED_TERMINAL
156,T79,448,USED_TERMINAL
156,T97,444,USED_TERMINAL
156,T104,465,USED_TERMINAL
156,T140,454,USED_TERMINAL
156,T155,464,USED_TERMINAL
157,T24,127,USED_TERMINAL
157,T37,130,USED_TERMINAL
157,T147,135,USED_TERMINAL
157,T148,121,USED_TERMINAL
157,T153,123,USED_TERMINAL
157,T156,134,USED_TERMINAL
157,T180,131,USED_TERMINAL
158,T4,337,USED_TERMINAL
158,T8,392,USED_TERMINAL
158,T46,397,USED_TERMINAL
158,T102,366,USED_TERMINAL
158,T115,338,USED_TERMINAL
158,T117,363,USED_TERMINAL
158,T160,398,USED_TERMINAL
158,T162,339,USED_TERMINAL
158,T190,408,USED_TERMINAL
158,T199,401,USED_TERMINAL
159,T2,349,USED_TERMINAL
159,T9,384,USED_TERMINAL
159,T13,340,USED_TERMINAL
159,T55,395,USED_TERMINAL
159,T71,357,USED_TERMINAL
159,T72,354,USED_TERMINAL
159,T82,371,USED_TERMINAL
159,T106,335,USED_TERMINAL
160,T10,140,USED_TERMINAL
160,T12,110,USED_TERMINAL
160,T58,159,USED_TERMINAL
160,T97,129,USED_TERMINAL
160,T104,115,USED_TERMINAL
160,T114,124,USED_TERMINAL
160,T140,124,USED_TERMINAL
160,T150,121,USED_TERMINAL
160,T155,113,USED_TERMINAL
160,T170,121,USED_TERMINAL
160,T171,119,USED_TERMINAL
160,T179,135,USED_TERMINAL
161,T24,362,USED_TERMINAL
161,T37,362,USED_TERMINAL
161,T47,379,USED_TERMINAL
161,T147,364,USED_TERMINAL
161,T148,390,USED_TERMINAL
161,T153,368,USED_TERMINAL
161,T180,373,USED_TERMINAL
162,T35,744,USED_TERMINAL
162,T109,813,USED_TERMINAL
162,T174,769,USED_TERMINAL
163,T24,20,USED_TERMINAL
163,T55,20,USED_TERMINAL
163,T106,29,USED_TERMINAL
163,T156,23,USED_TERMINAL
163,T161,19,USED_TERMINAL
163,T176,33,USED_TERMINAL
163,T180,19,USED_TERMINAL
163,T192,27,USED_TERMINAL
164,T27,740,USED_TERMINAL
164,T37,706,USED_TERMINAL
164,T70,793,USED_TERMINAL
164,T148,752,USED_TERMINAL
164,T184,748,USED_TERMINAL
165,T119,519,USED_TERMINAL
165,T139,516,USED_TERMINAL
166,T102,454,USED_TERMINAL
166,T134,472,USED_TERMINAL
166,T135,465,USED_TERMINAL
167,T39,256,USED_TERMINAL
167,T44,273,USED_TERMINAL
167,T122,304,USED_TERMINAL
167,T131,300,USED_TERMINAL
167,T151,268,USED_TERMINAL
167,T173,274,USED_TERMINAL
168,T28,646,USED_TERMINAL
168,T66,598,USED_TERMINAL
168,T70,606,USED_TERMINAL
168,T74,591,USED_TERMINAL
169,T33,306,USED_TERMINAL
169,T122,274,USED_TERMINAL
169,T151,312,USED_TERMINAL
169,T173,326,USED_TERMINAL
169,T193,308,USED_TERMINAL
170,T47,986,USED_TERMINAL
170,T134,913,USED_TERMINAL
170,T135,882,USED_TERMINAL
171,T32,421,USED_TERMINAL
171,T78,389,USED_TERMINAL
171,T93,413,USED_TERMINAL
171,T118,408,USED_TERMINAL
171,T163,435,USED_TERMINAL
171,T172,388,USED_TERMINAL
172,T35,53,USED_TERMINAL
172,T149,59,USED_TERMINAL
173,T86,372,USED_TERMINAL
173,T136,353,USED_TERMINAL
173,T146,371,USED_TERMINAL
173,T162,351,USED_TERMINAL
174,T2,804,USED_TERMINAL
174,T82,791,USED_TERMINAL
174,T95,785,USED_TERMINAL
174,T161,838,USED_TERMINAL
175,T37,70,USED_TERMINAL
175,T47,82,USED_TERMINAL
175,T135,93,USED_TERMINAL
175,T153,99,USED_TERMINAL
176,T2,32,USED_TERMINAL
176,T24,37,USED_TERMINAL
176,T55,26,USED_TERMINAL
176,T95,36,USED_TERMINAL
176,T106,40,USED_TERMINAL
176,T156,43,USED_TERMINAL
176,T161,30,USED_TERMINAL
176,T180,30,USED_TERMINAL
177,T36,720,USED_TERMINAL
177,T53,709,USED_TERMINAL
177,T111,732,USED_TERMINAL
178,T31,181,USED_TERMINAL
178,T68,210,USED_TERMINAL
178,T178,195,USED_TERMINAL
178,T193,178,USED_TERMINAL
179,T4,296,USED_TERMINAL
179,T8,316,USED_TERMINAL
179,T46,323,USED_TERMINAL
179,T102,291,USED_TERMINAL
179,T115,292,USED_TERMINAL
179,T117,291,USED_TERMINAL
179,T160,283,USED_TERMINAL
179,T162,325,USED_TERMINAL
179,T190,314,USED_TERMINAL
179,T199,307,USED_TERMINAL
180,T10,439,USED_TERMINAL
180,T54,415,USED_TERMINAL
180,T58,457,USED_TERMINAL
180,T114,385,USED_TERMINAL
180,T124,462,USED_TERMINAL
180,T130,461,USED_TERMINAL
180,T150,442,USED_TERMINAL
180,T179,390,USED_TERMINAL
181,T43,486,USED_TERMINAL
181,T105,454,USED_TERMINAL
181,T112,482,USED_TERMINAL
181,T119,460,USED_TERMINAL
181,T120,455,USED_TERMINAL
181,T126,457,USED_TERMINAL
181,T139,442,USED_TERMINAL
181,T168,495,USED_TERMINAL
182,T17,234,USED_TERMINAL
182,T31,226,USED_TERMINAL
182,T41,226,USED_TERMINAL
182,T68,210,USED_TERMINAL
182,T116,208,USED_TERMINAL
182,T178,230,USED_TERMINAL
182,T193,200,USED_TERMINAL
183,T47,926,USED_TERMINAL
183,T135,875,USED_TERMINAL
183,T153,859,USED_TERMINAL
184,T50,119,USED_TERMINAL
184,T78,115,USED_TERMINAL
184,T80,115,USED_TERMINAL
184,T129,104,USED_TERMINAL
184,T157,98,USED_TERMINAL
184,T166,122,USED_TERMINAL
185,T45,115,USED_TERMINAL
185,T53,148,USED_TERMINAL
185,T75,149,USED_TERMINAL
185,T108,145,USED_TERMINAL
185,T125,136,USED_TERMINAL
186,T28,695,USED_TERMINAL
186,T66,724,USED_TERMINAL
186,T70,708,USED_TERMINAL
186,T74,691,USED_TERMINAL
187,T16,349,USED_TERMINAL
187,T34,363,USED_TERMINAL
187,T48,354,USED_TERMINAL
187,T100,326,USED_TERMINAL
187,T181,354,USED_TERMINAL
187,T183,338,USED_TERMINAL
188,T16,465,USED_TERMINAL
188,T34,415,USED_TERMINAL
188,T48,410,USED_TERMINAL
188,T62,414,USED_TERMINAL
188,T100,432,USED_TERMINAL
188,T169,429,USED_TERMINAL
188,T181,432,USED_TERMINAL
188,T183,436,USED_TERMINAL
189,T147,338,USED_TERMINAL
189,T148,301,USED_TERMINAL
189,T185,306,USED_TERMINAL
189,T196,304,USED_TERMINAL
190,T62,241,USED_TERMINAL
190,T68,253,USED_TERMINAL
190,T169,251,USED_TERMINAL
190,T178,263,USED_TERMINAL
190,T181,265,USED_TERMINAL
191,T10,175,USED_TERMINAL
191,T12,165,USED_TERMINAL
191,T97,150,USED_TERMINAL
191,T104,158,USED_TERMINAL
191,T114,175,USED_TERMINAL
191,T140,167,USED_TERMINAL
191,T150,156,USED_TERMINAL
191,T155,178,USED_TERMINAL
191,T170,153,USED_TERMINAL
192,T20,449,USED_TERMINAL
192,T79,466,USED_TERMINAL
193,T9,129,USED_TERMINAL
193,T24,137,USED_TERMINAL
193,T26,152,USED_TERMINAL
193,T55,150,USED_TERMINAL
193,T106,154,USED_TERMINAL
193,T156,141,USED_TERMINAL
193,T161,166,USED_TERMINAL
193,T180,137,USED_TERMINAL
194,T4,365,USED_TERMINAL
194,T8,425,USED_TERMINAL
194,T46,413,USED_TERMINAL
194,T102,413,USED_TERMINAL
194,T115,381,USED_TERMINAL
194,T162,419,USED_TERMINAL
194,T190,422,USED_TERMINAL
194,T199,423,USED_TERMINAL
195,T3,272,USED_TERMINAL
195,T15,271,USED_TERMINAL
195,T22,295,USED_TERMINAL
195,T30,253,USED_TERMINAL
195,T83,260,USED_TERMINAL
195,T89,308,USED_TERMINAL
195,T107,297,USED_TERMINAL
195,T123,285,USED_TERMINAL
195,T138,273,USED_TERMINAL
195,T152,271,USED_TERMINAL
195,T157,298,USED_TERMINAL
196,T2,45,USED_TERMINAL
196,T9,45,USED_TERMINAL
196,T55,41,USED_TERMINAL
196,T71,45,USED_TERMINAL
196,T72,59,USED_TERMINAL
196,T106,68,USED_TERMINAL
197,T27,249,USED_TERMINAL
197,T37,230,USED_TERMINAL
197,T147,243,USED_TERMINAL
197,T148,256,USED_TERMINAL
198,T28,607,USED_TERMINAL
198,T70,605,USED_TERMINAL
198,T76,616,USED_TERMINAL
198,T90,572,USED_TERMINAL
198,T121,614,USED_TERMINAL
198,T184,576,USED_TERMINAL
199,T37,433,USED_TERMINAL
199,T47,440,USED_TERMINAL
199,T135,467,USED_TERMINAL
199,T153,443,USED_TERMINAL
200,T7,277,USED_TERMINAL
200,T25,276,USED_TERMINAL
200,T49,275,USED_TERMINAL
200,T118,281,USED_TERMINAL
200,T172,267,USED_TERMINAL
201,T39,199,USED_TERMINAL
201,T69,177,USED_TERMINAL
201,T96,174,USED_TERMINAL
201,T122,184,USED_TERMINAL
201,T131,198,USED_TERMINAL
201,T175,199,USED_TERMINAL
201,T188,188,USED_TERMINAL
202,T20,573,USED_TERMINAL
202,T56,607,USED_TERMINAL
202,T69,646,USED_TERMINAL
202,T188,634,USED_TERMINAL
203,T6,92,USED_TERMINAL
203,T21,97,USED_TERMINAL
203,T42,97,USED_TERMINAL
203,T92,79,USED_TERMINAL
203,T112,77,USED_TERMINAL
203,T120,82,USED_TERMINAL
203,T139,79,USED_TERMINAL
203,T142,81,USED_TERMINAL
203,T159,75,USED_TERMINAL
203,T168,85,USED_TERMINAL
204,T3,240,USED_TERMINAL
204,T15,244,USED_TERMINAL
204,T22,273,USED_TERMINAL
204,T30,283,USED_TERMINAL
204,T110,255,USED_TERMINAL
204,T138,241,USED_TERMINAL
204,T152,270,USED_TERMINAL
204,T157,249,USED_TERMINAL
205,T27,102,USED_TERMINAL
205,T66,90,USED_TERMINAL
205,T74,100,USED_TERMINAL
206,T6,552,USED_TERMINAL
206,T14,563,USED_TERMINAL
206,T42,566,USED_TERMINAL
206,T45,551,USED_TERMINAL
206,T142,531,USED_TERMINAL
206,T159,623,USED_TERMINAL
207,T59,149,USED_TERMINAL
207,T67,163,USED_TERMINAL
207,T158,154,USED_TERMINAL
208,T39,310,USED_TERMINAL
208,T44,330,USED_TERMINAL
208,T122,339,USED_TERMINAL
208,T131,295,USED_TERMINAL
208,T151,281,USED_TERMINAL
208,T173,333,USED_TERMINAL
209,T35,1417,USED_TERMINAL
209,T109,1324,USED_TERMINAL
210,T37,1026,USED_TERMINAL
210,T47,1064,USED_TERMINAL
210,T153,1107,USED_TERMINAL
211,T43,303,USED_TERMINAL
211,T63,339,USED_TERMINAL
211,T94,324,USED_TERMINAL
211,T119,322,USED_TERMINAL
211,T143,325,USED_TERMINAL
212,T4,455,USED_TERMINAL
212,T8,391,USED_TERMINAL
212,T46,439,USED_TERMINAL
212,T50,416,USED_TERMINAL
212,T102,428,USED_TERMINAL
212,T115,379,USED_TERMINAL
212,T190,427,USED_TERMINAL
213,T7,552,USED_TERMINAL
213,T19,564,USED_TERMINAL
213,T25,568,USED_TERMINAL
213,T49,495,USED_TERMINAL
213,T57,568,USED_TERMINAL
214,T22,194,USED_TERMINAL
214,T78,155,USED_TERMINAL
214,T80,160,USED_TERMINAL
214,T107,176,USED_TERMINAL
214,T138,154,USED_TERMINAL
214,T152,167,USED_TERMINAL
214,T157,160,USED_TERMINAL
214,T166,189,USED_TERMINAL
215,T12,182,USED_TERMINAL
215,T79,148,USED_TERMINAL
215,T97,165,USED_TERMINAL
215,T104,182,USED_TERMINAL
215,T114,177,USED_TERMINAL
215,T140,147,USED_TERMINAL
215,T155,174,USED_TERMINAL
215,T170,166,USED_TERMINAL
216,T54,155,USED_TERMINAL
216,T65,166,USED_TERMINAL
216,T94,193,USED_TERMINAL
216,T99,182,USED_TERMINAL
216,T113,176,USED_TERMINAL
216,T124,163,USED_TERMINAL
217,T16,120,USED_TERMINAL
217,T48,125,USED_TERMINAL
217,T62,133,USED_TERMINAL
217,T169,140,USED_TERMINAL
217,T178,124,USED_TERMINAL
217,T181,127,USED_TERMINAL
218,T86,814,USED_TERMINAL
218,T154,842,USED_TERMINAL
219,T134,1467,USED_TERMINAL
219,T135,1429,USED_TERMINAL
220,T17,449,USED_TERMINAL
220,T41,434,USED_TERMINAL
220,T67,445,USED_TERMINAL
220,T88,461,USED_TERMINAL
220,T116,465,USED_TERMINAL
220,T141,447,USED_TERMINAL
220,T158,447,USED_TERMINAL
221,T41,582,USED_TERMINAL
221,T51,584,USED_TERMINAL
221,T68,593,USED_TERMINAL
221,T116,551,USED_TERMINAL
221,T132,578,USED_TERMINAL
222,T6,296,USED_TERMINAL
222,T14,324,USED_TERMINAL
222,T36,334,USED_TERMINAL
222,T45,285,USED_TERMINAL
222,T111,340,USED_TERMINAL
222,T195,317,USED_TERMINAL
223,T4,244,USED_TERMINAL
223,T8,231,USED_TERMINAL
223,T46,254,USED_TERMINAL
223,T115,232,USED_TERMINAL
223,T117,217,USED_TERMINAL
223,T160,244,USED_TERMINAL
223,T190,250,USED_TERMINAL
223,T199,237,USED_TERMINAL
224,T34,138,USED_TERMINAL
224,T40,164,USED_TERMINAL
224,T48,147,USED_TERMINAL
224,T52,148,USED_TERMINAL
224,T56,158,USED_TERMINAL
224,T62,151,USED_TERMINAL
224,T101,154,USED_TERMINAL
224,T122,123,USED_TERMINAL
224,T169,155,USED_TERMINAL
224,T181,159,USED_TERMINAL
224,T188,139,USED_TERMINAL
225,T41,41,USED_TERMINAL
225,T51,48,USED_TERMINAL
225,T68,39,USED_TERMINAL
225,T116,40,USED_TERMINAL
225,T132,42,USED_TERMINAL
225,T178,43,USED_TERMINAL
226,T10,122,USED_TERMINAL
226,T12,131,USED_TERMINAL
226,T97,154,USED_TERMINAL
226,T104,140,USED_TERMINAL
226,T114,118,USED_TERMINAL
226,T140,134,USED_TERMINAL
226,T150,145,USED_TERMINAL
226,T155,128,USED_TERMINAL
226,T170,130,USED_TERMINAL
226,T171,146,USED_TERMINAL
227,T2,32,USED_TERMINAL
227,T9,35,USED_TERMINAL
227,T55,25,USED_TERMINAL
227,T82,27,USED_TERMINAL
227,T106,17,USED_TERMINAL
227,T156,25,USED_TERMINAL
227,T161,28,USED_TERMINAL
228,T35,1109,USED_TERMINAL
228,T149,1170,USED_TERMINAL
229,T134,583,USED_TERMINAL
229,T135,577,USED_TERMINAL
230,T33,627,USED_TERMINAL
230,T84,568,USED_TERMINAL
230,T103,644,USED_TERMINAL
230,T133,580,USED_TERMINAL
230,T136,616,USED_TERMINAL
230,T151,590,USED_TERMINAL
231,T63,21,USED_TERMINAL
231,T81,20,USED_TERMINAL
231,T87,14,USED_TERMINAL
231,T113,12,USED_TERMINAL
231,T127,13,USED_TERMINAL
231,T143,26,USED_TERMINAL
231,T144,22,USED_TERMINAL
231,T145,13,USED_TERMINAL
231,T197,16,USED_TERMINAL
232,T67,45,USED_TERMINAL
232,T116,40,USED_TERMINAL
232,T158,57,USED_TERMINAL
232,T189,40,USED_TERMINAL
233,T24,342,USED_TERMINAL
233,T37,308,USED_TERMINAL
233,T95,328,USED_TERMINAL
233,T147,281,USED_TERMINAL
233,T148,327,USED_TERMINAL
233,T156,293,USED_TERMINAL
233,T161,325,USED_TERMINAL
233,T180,326,USED_TERMINAL
233,T185,333,USED_TERMINAL
233,T196,326,USED_TERMINAL
234,T24,437,USED_TERMINAL
234,T95,436,USED_TERMINAL
234,T147,436,USED_TERMINAL
234,T153,426,USED_TERMINAL
234,T156,461,USED_TERMINAL
234,T161,475,USED_TERMINAL
234,T180,430,USED_TERMINAL
235,T9,688,USED_TERMINAL
235,T26,643,USED_TERMINAL
235,T55,698,USED_TERMINAL
235,T64,666,USED_TERMINAL
236,T47,438,USED_TERMINAL
236,T135,447,USED_TERMINAL
236,T153,461,USED_TERMINAL
237,T18,758,USED_TERMINAL
237,T39,770,USED_TERMINAL
237,T96,760,USED_TERMINAL
237,T130,745,USED_TERMINAL
237,T175,792,USED_TERMINAL
238,T3,226,USED_TERMINAL
238,T9,212,USED_TERMINAL
238,T26,235,USED_TERMINAL
238,T64,244,USED_TERMINAL
238,T110,219,USED_TERMINAL
238,T192,197,USED_TERMINAL
239,T4,410,USED_TERMINAL
239,T8,403,USED_TERMINAL
239,T46,416,USED_TERMINAL
239,T102,359,USED_TERMINAL
239,T115,392,USED_TERMINAL
239,T117,373,USED_TERMINAL
239,T162,370,USED_TERMINAL
239,T190,401,USED_TERMINAL
239,T199,359,USED_TERMINAL
240,T73,372,USED_TERMINAL
240,T78,361,USED_TERMINAL
240,T93,377,USED_TERMINAL
240,T129,343,USED_TERMINAL
240,T163,361,USED_TERMINAL
241,T135,784,USED_TERMINAL
241,T153,682,USED_TERMINAL
241,T176,710,USED_TERMINAL
241,T192,724,USED_TERMINAL
242,T45,134,USED_TERMINAL
242,T53,148,USED_TERMINAL
242,T75,96,USED_TERMINAL
242,T108,108,USED_TERMINAL
242,T111,146,USED_TERMINAL
243,T16,99,USED_TERMINAL
243,T34,95,USED_TERMINAL
243,T48,91,USED_TERMINAL
243,T62,90,USED_TERMINAL
243,T100,79,USED_TERMINAL
243,T169,118,USED_TERMINAL
243,T181,91,USED_TERMINAL
243,T183,94,USED_TERMINAL
244,T76,1164,USED_TERMINAL
244,T154,1132,USED_TERMINAL
245,T20,695,USED_TERMINAL
245,T69,728,USED_TERMINAL
245,T79,712,USED_TERMINAL
246,T16,423,USED_TERMINAL
246,T34,396,USED_TERMINAL
246,T48,406,USED_TERMINAL
246,T62,396,USED_TERMINAL
246,T100,388,USED_TERMINAL
246,T169,395,USED_TERMINAL
246,T181,441,USED_TERMINAL
246,T183,427,USED_TERMINAL
247,T21,113,USED_TERMINAL
247,T36,110,USED_TERMINAL
247,T73,118,USED_TERMINAL
247,T77,120,USED_TERMINAL
247,T92,113,USED_TERMINAL
247,T111,109,USED_TERMINAL
247,T142,111,USED_TERMINAL
247,T159,110,USED_TERMINAL
247,T165,95,USED_TERMINAL
247,T186,109,USED_TERMINAL
247,T195,117,USED_TERMINAL
248,T50,44,USED_TERMINAL
248,T78,46,USED_TERMINAL
248,T80,34,USED_TERMINAL
248,T107,38,USED_TERMINAL
248,T129,33,USED_TERMINAL
248,T138,52,USED_TERMINAL
248,T152,43,USED_TERMINAL
248,T157,59,USED_TERMINAL
248,T166,39,USED_TERMINAL
249,T43,658,USED_TERMINAL
249,T65,661,USED_TERMINAL
249,T94,710,USED_TERMINAL
249,T113,663,USED_TERMINAL
250,T66,1391,USED_TERMINAL
250,T74,1388,USED_TERMINAL
251,T45,31,USED_TERMINAL
251,T53,36,USED_TERMINAL
251,T75,24,USED_TERMINAL
251,T108,32,USED_TERMINAL
252,T6,100,USED_TERMINAL
252,T14,105,USED_TERMINAL
252,T42,88,USED_TERMINAL
252,T85,99,USED_TERMINAL
253,T50,392,USED_TERMINAL
253,T80,374,USED_TERMINAL
253,T138,405,USED_TERMINAL
253,T166,425,USED_TERMINAL
254,T47,1457,USED_TERMINAL
254,T76,1461,USED_TERMINAL
255,T73,731,USED_TERMINAL
255,T78,763,USED_TERMINAL
255,T93,741,USED_TERMINAL
255,T129,731,USED_TERMINAL
255,T163,772,USED_TERMINAL
256,T18,102,USED_TERMINAL
256,T58,101,USED_TERMINAL
256,T96,97,USED_TERMINAL
256,T114,101,USED_TERMINAL
256,T130,90,USED_TERMINAL
256,T150,103,USED_TERMINAL
256,T171,94,USED_TERMINAL
257,T35,99,USED_TERMINAL
257,T149,74,USED_TERMINAL
257,T191,101,USED_TERMINAL
258,T12,219,USED_TERMINAL
258,T97,219,USED_TERMINAL
258,T104,248,USED_TERMINAL
258,T140,215,USED_TERMINAL
258,T155,214,USED_TERMINAL
258,T170,221,USED_TERMINAL
259,T26,480,USED_TERMINAL
259,T153,490,USED_TERMINAL
259,T176,496,USED_TERMINAL
259,T192,523,USED_TERMINAL
260,T3,527,USED_TERMINAL
260,T26,546,USED_TERMINAL
260,T64,540,USED_TERMINAL
260,T89,611,USED_TERMINAL
260,T110,535,USED_TERMINAL
261,T15,407,USED_TERMINAL
261,T22,422,USED_TERMINAL
261,T30,407,USED_TERMINAL
261,T83,383,USED_TERMINAL
261,T89,416,USED_TERMINAL
261,T123,426,USED_TERMINAL
261,T187,419,USED_TERMINAL
261,T194,407,USED_TERMINAL
262,T43,13,USED_TERMINAL
262,T94,15,USED_TERMINAL
262,T105,15,USED_TERMINAL
262,T126,19,USED_TERMINAL
263,T47,436,USED_TERMINAL
263,T76,430,USED_TERMINAL
264,T11,208,USED_TERMINAL
264,T21,200,USED_TERMINAL
264,T77,216,USED_TERMINAL
264,T92,222,USED_TERMINAL
264,T139,216,USED_TERMINAL
264,T142,217,USED_TERMINAL
264,T159,189,USED_TERMINAL
264,T168,208,USED_TERMINAL
264,T195,230,USED_TERMINAL
264,T198,215,USED_TERMINAL
265,T31,7,USED_TERMINAL
265,T41,14,USED_TERMINAL
265,T133,7,USED_TERMINAL
265,T136,11,USED_TERMINAL
265,T178,12,USED_TERMINAL
265,T193,4,USED_TERMINAL
266,T27,599,USED_TERMINAL
266,T28,675,USED_TERMINAL
266,T66,604,USED_TERMINAL
266,T70,592,USED_TERMINAL
266,T74,659,USED_TERMINAL
266,T184,653,USED_TERMINAL
267,T35,1836,USED_TERMINAL
267,T67,1845,USED_TERMINAL
268,T24,59,USED_TERMINAL
268,T153,68,USED_TERMINAL
268,T156,46,USED_TERMINAL
268,T161,61,USED_TERMINAL
268,T176,50,USED_TERMINAL
268,T180,40,USED_TERMINAL
268,T192,62,USED_TERMINAL
269,T42,479,USED_TERMINAL
269,T85,499,USED_TERMINAL
269,T112,506,USED_TERMINAL
269,T120,453,USED_TERMINAL
270,T0,786,USED_TERMINAL
270,T5,736,USED_TERMINAL
270,T119,738,USED_TERMINAL
270,T139,824,USED_TERMINAL
270,T198,763,USED_TERMINAL
271,T34,280,USED_TERMINAL
271,T40,249,USED_TERMINAL
271,T48,278,USED_TERMINAL
271,T52,256,USED_TERMINAL
271,T62,276,USED_TERMINAL
271,T101,259,USED_TERMINAL
271,T122,268,USED_TERMINAL
271,T169,296,USED_TERMINAL
271,T181,273,USED_TERMINAL
271,T188,258,USED_TERMINAL
272,T16,43,USED_TERMINAL
272,T34,49,USED_TERMINAL
272,T48,59,USED_TERMINAL
272,T52,58,USED_TERMINAL
272,T62,56,USED_TERMINAL
272,T100,63,USED_TERMINAL
272,T169,60,USED_TERMINAL
272,T181,57,USED_TERMINAL
272,T183,49,USED_TERMINAL
273,T10,351,USED_TERMINAL
273,T18,317,USED_TERMINAL
273,T58,345,USED_TERMINAL
273,T114,367,USED_TERMINAL
273,T124,417,USED_TERMINAL
273,T130,374,USED_TERMINAL
273,T150,394,USED_TERMINAL
273,T171,387,USED_TERMINAL
274,T45,417,USED_TERMINAL
274,T53,437,USED_TERMINAL
274,T75,439,USED_TERMINAL
274,T108,380,USED_TERMINAL
274,T125,428,USED_TERMINAL
275,T42,392,USED_TERMINAL
275,T85,435,USED_TERMINAL
275,T112,439,USED_TERMINAL
275,T120,426,USED_TERMINAL
275,T126,388,USED_TERMINAL
275,T142,369,USED_TERMINAL
275,T159,392,USED_TERMINAL
275,T168,398,USED_TERMINAL
276,T20,135,USED_TERMINAL
276,T79,118,USED_TERMINAL
277,T102,521,USED_TERMINAL
277,T134,482,USED_TERMINAL
277,T162,594,USED_TERMINAL
278,T24,134,USED_TERMINAL
278,T37,134,USED_TERMINAL
278,T47,125,USED_TERMINAL
278,T147,122,USED_TERMINAL
278,T148,156,USED_TERMINAL
278,T153,149,USED_TERMINAL
278,T180,156,USED_TERMINAL
279,T27,1087,USED_TERMINAL
279,T66,1058,USED_TERMINAL
279,T74,1116,USED_TERMINAL
280,T63,57,USED_TERMINAL
280,T81,55,USED_TERMINAL
280,T94,49,USED_TERMINAL
280,T113,41,USED_TERMINAL
280,T127,44,USED_TERMINAL
280,T143,69,USED_TERMINAL
280,T145,45,USED_TERMINAL
280,T197,69,USED_TERMINAL
281,T54,547,USED_TERMINAL
281,T65,603,USED_TERMINAL
281,T99,563,USED_TERMINAL
281,T124,600,USED_TERMINAL
282,T32,112,USED_TERMINAL
282,T78,105,USED_TERMINAL
282,T93,137,USED_TERMINAL
282,T107,120,USED_TERMINAL
282,T163,133,USED_TERMINAL
282,T172,115,USED_TERMINAL
283,T23,276,USED_TERMINAL
283,T38,300,USED_TERMINAL
283,T51,264,USED_TERMINAL
283,T132,279,USED_TERMINAL
284,T20,413,USED_TERMINAL
284,T56,453,USED_TERMINAL
284,T69,438,USED_TERMINAL
284,T101,415,USED_TERMINAL
284,T137,455,USED_TERMINAL
284,T182,442,USED_TERMINAL
284,T188,442,USED_TERMINAL
285,T3,251,USED_TERMINAL
285,T15,265,USED_TERMINAL
285,T22,289,USED_TERMINAL
285,T30,273,USED_TERMINAL
285,T89,265,USED_TERMINAL
285,T110,249,USED_TERMINAL
285,T123,275,USED_TERMINAL
285,T138,273,USED_TERMINAL
285,T152,286,USED_TERMINAL
285,T187,256,USED_TERMINAL
286,T3,209,USED_TERMINAL
286,T15,199,USED_TERMINAL
286,T22,168,USED_TERMINAL
286,T30,184,USED_TERMINAL
286,T83,160,USED_TERMINAL
286,T89,204,USED_TERMINAL
286,T110,237,USED_TERMINAL
286,T123,173,USED_TERMINAL
286,T152,186,USED_TERMINAL
286,T187,195,USED_TERMINAL
287,T0,478,USED_TERMINAL
287,T5,502,USED_TERMINAL
287,T11,511,USED_TERMINAL
287,T139,488,USED_TERMINAL
287,T198,492,USED_TERMINAL
288,T3,746,USED_TERMINAL
288,T26,750,USED_TERMINAL
288,T110,740,USED_TERMINAL
288,T176,784,USED_TERMINAL
288,T192,702,USED_TERMINAL
289,T21,303,USED_TERMINAL
289,T42,329,USED_TERMINAL
289,T92,314,USED_TERMINAL
289,T120,281,USED_TERMINAL
289,T139,293,USED_TERMINAL
289,T142,310,USED_TERMINAL
289,T159,306,USED_TERMINAL
289,T168,325,USED_TERMINAL
290,T59,707,USED_TERMINAL
290,T67,701,USED_TERMINAL
290,T91,711,USED_TERMINAL
290,T158,699,USED_TERMINAL
290,T189,678,USED_TERMINAL
291,T2,392,USED_TERMINAL
291,T13,395,USED_TERMINAL
291,T60,386,USED_TERMINAL
291,T82,421,USED_TERMINAL
292,T10,154,USED_TERMINAL
292,T12,138,USED_TERMINAL
292,T58,134,USED_TERMINAL
292,T114,133,USED_TERMINAL
292,T130,171,USED_TERMINAL
292,T140,176,USED_TERMINAL
292,T150,141,USED_TERMINAL
292,T170,155,USED_TERMINAL
292,T171,157,USED_TERMINAL
292,T179,189,USED_TERMINAL
293,T8,319,USED_TERMINAL
293,T46,317,USED_TERMINAL
293,T115,359,USED_TERMINAL
293,T117,296,USED_TERMINAL
293,T128,317,USED_TERMINAL
293,T160,319,USED_TERMINAL
293,T164,236,USED_TERMINAL
293,T190,323,USED_TERMINAL
293,T199,305,USED_TERMINAL
294,T37,121,USED_TERMINAL
294,T47,131,USED_TERMINAL
294,T135,128,USED_TERMINAL
294,T153,143,USED_TERMINAL
295,T10,232,USED_TERMINAL
295,T18,243,USED_TERMINAL
295,T54,252,USED_TERMINAL
295,T58,235,USED_TERMINAL
295,T124,239,USED_TERMINAL
295,T130,229,USED_TERMINAL
295,T179,195,USED_TERMINAL
296,T3,816,USED_TERMINAL
296,T110,798,USED_TERMINAL
296,T138,865,USED_TERMINAL
297,T12,495,USED_TERMINAL
297,T79,460,USED_TERMINAL
297,T97,495,USED_TERMINAL
297,T104,516,USED_TERMINAL
297,T114,525,USED_TERMINAL
297,T140,510,USED_TERMINAL
297,T155,521,USED_TERMINAL
298,T3,1089,USED_TERMINAL
298,T138,1044,USED_TERMINAL
299,T17,210,USED_TERMINAL
299,T88,201,USED_TERMINAL
299,T90,242,USED_TERMINAL
299,T141,217,USED_TERMINAL
299,T154,200,USED_TERMINAL
299,T158,239,USED_TERMINAL
299,T177,210,USED_TERMINAL
300,T42,493,USED_TERMINAL
300,T85,463,USED_TERMINAL
300,T105,468,USED_TERMINAL
300,T112,461,USED_TERMINAL
300,T120,478,USED_TERMINAL
300,T126,486,USED_TERMINAL
300,T168,500,USED_TERMINAL
301,T17,322,USED_TERMINAL
301,T31,355,USED_TERMINAL
301,T41,375,USED_TERMINAL
301,T86,369,USED_TERMINAL
301,T88,347,USED_TERMINAL
301,T136,352,USED_TERMINAL
301,T141,346,USED_TERMINAL
301,T154,356,USED_TERMINAL
301,T177,351,USED_TERMINAL
302,T19,532,USED_TERMINAL
302,T36,489,USED_TERMINAL
302,T57,511,USED_TERMINAL
302,T111,550,USED_TERMINAL
302,T165,551,USED_TERMINAL
302,T186,511,USED_TERMINAL
303,T91,507,USED_TERMINAL
303,T109,510,USED_TERMINAL
303,T167,496,USED_TERMINAL
303,T174,468,USED_TERMINAL
304,T2,374,USED_TERMINAL
304,T9,350,USED_TERMINAL
304,T55,362,USED_TERMINAL
304,T106,391,USED_TERMINAL
304,T156,350,USED_TERMINAL
304,T161,356,USED_TERMINAL
305,T97,151,USED_TERMINAL
305,T104,159,USED_TERMINAL
305,T155,159,USED_TERMINAL
306,T23,1012,USED_TERMINAL
306,T149,1017,USED_TERMINAL
306,T191,975,USED_TERMINAL
307,T78,49,USED_TERMINAL
307,T80,42,USED_TERMINAL
307,T93,49,USED_TERMINAL
307,T107,63,USED_TERMINAL
307,T129,64,USED_TERMINAL
307,T157,56,USED_TERMINAL
307,T163,53,USED_TERMINAL
307,T166,56,USED_TERMINAL
308,T3,160,USED_TERMINAL
308,T15,197,USED_TERMINAL
308,T22,191,USED_TERMINAL
308,T30,173,USED_TERMINAL
308,T64,206,USED_TERMINAL
308,T89,188,USED_TERMINAL
308,T110,183,USED_TERMINAL
308,T123,181,USED_TERMINAL
308,T187,163,USED_TERMINAL
309,T17,58,USED_TERMINAL
309,T31,47,USED_TERMINAL
309,T86,36,USED_TERMINAL
309,T133,40,USED_TERMINAL
309,T136,51,USED_TERMINAL
309,T177,46,USED_TERMINAL
310,T24,90,USED_TERMINAL
310,T153,78,USED_TERMINAL
310,T156,84,USED_TERMINAL
310,T161,71,USED_TERMINAL
310,T176,83,USED_TERMINAL
310,T180,86,USED_TERMINAL
310,T192,79,USED_TERMINAL
311,T40,417,USED_TERMINAL
311,T48,420,USED_TERMINAL
311,T62,401,USED_TERMINAL
311,T122,383,USED_TERMINAL
311,T169,389,USED_TERMINAL
312,T23,715,USED_TERMINAL
312,T38,718,USED_TERMINAL
312,T51,718,USED_TERMINAL
313,T43,102,USED_TERMINAL
313,T85,103,USED_TERMINAL
313,T105,92,USED_TERMINAL
313,T112,101,USED_TERMINAL
313,T126,110,USED_TERMINAL
314,T0,759,USED_TERMINAL
314,T5,726,USED_TERMINAL
314,T119,723,USED_TERMINAL
314,T139,730,USED_TERMINAL
314,T198,718,USED_TERMINAL
315,T11,215,USED_TERMINAL
315,T21,227,USED_TERMINAL
315,T73,211,USED_TERMINAL
315,T77,208,USED_TERMINAL
315,T92,209,USED_TERMINAL
315,T139,228,USED_TERMINAL
315,T142,258,USED_TERMINAL
315,T159,211,USED_TERMINAL
315,T186,223,USED_TERMINAL
315,T195,224,USED_TERMINAL
316,T97,378,USED_TERMINAL
316,T104,338,USED_TERMINAL
316,T155,334,USED_TERMINAL
316,T170,347,USED_TERMINAL
317,T34,15,USED_TERMINAL
317,T40,15,USED_TERMINAL
317,T48,10,USED_TERMINAL
317,T52,13,USED_TERMINAL
317,T56,15,USED_TERMINAL
317,T101,14,USED_TERMINAL
317,T137,10,USED_TERMINAL
317,T181,15,USED_TERMINAL
317,T182,9,USED_TERMINAL
317,T188,9,USED_TERMINAL
318,T62,681,USED_TERMINAL
318,T169,701,USED_TERMINAL
318,T178,720,USED_TERMINAL
318,T193,705,USED_TERMINAL
319,T41,468,USED_TERMINAL
319,T67,406,USED_TERMINAL
319,T68,436,USED_TERMINAL
319,T116,423,USED_TERMINAL
319,T132,410,USED_TERMINAL
320,T0,43,USED_TERMINAL
320,T5,50,USED_TERMINAL
320,T46,40,USED_TERMINAL
320,T117,64,USED_TERMINAL
320,T160,59,USED_TERMINAL
320,T164,47,USED_TERMINAL
320,T190,53,USED_TERMINAL
321,T42,249,USED_TERMINAL
321,T85,288,USED_TERMINAL
321,T112,294,USED_TERMINAL
321,T120,263,USED_TERMINAL
321,T126,254,USED_TERMINAL
322,T1,574,USED_TERMINAL
322,T30,559,USED_TERMINAL
322,T61,526,USED_TERMINAL
322,T64,491,USED_TERMINAL
322,T89,517,USED_TERMINAL
322,T123,530,USED_TERMINAL
322,T187,512,USED_TERMINAL
323,T38,630,USED_TERMINAL
323,T51,645,USED_TERMINAL
323,T68,657,USED_TERMINAL
323,T132,615,USED_TERMINAL
323,T178,652,USED_TERMINAL
324,T28,69,USED_TERMINAL
324,T59,69,USED_TERMINAL
324,T90,71,USED_TERMINAL
324,T121,68,USED_TERMINAL
324,T158,59,USED_TERMINAL
324,T189,64,USED_TERMINAL
325,T23,554,USED_TERMINAL
325,T38,496,USED_TERMINAL
325,T51,510,USED_TERMINAL
325,T67,535,USED_TERMINAL
325,T116,529,USED_TERMINAL
325,T132,549,USED_TERMINAL
326,T54,70,USED_TERMINAL
326,T58,70,USED_TERMINAL
326,T65,75,USED_TERMINAL
326,T99,77,USED_TERMINAL
326,T124,66,USED_TERMINAL
327,T56,69,USED_TERMINAL
327,T69,46,USED_TERMINAL
327,T188,68,USED_TERMINAL
328,T37,530,USED_TERMINAL
328,T47,528,USED_TERMINAL
328,T148,571,USED_TERMINAL
328,T153,551,USED_TERMINAL
328,T180,522,USED_TERMINAL
329,T10,451,USED_TERMINAL
329,T12,491,USED_TERMINAL
329,T97,498,USED_TERMINAL
329,T104,484,USED_TERMINAL
329,T114,487,USED_TERMINAL
329,T140,527,USED_TERMINAL
329,T155,461,USED_TERMINAL
329,T170,492,USED_TERMINAL
330,T66,652,USED_TERMINAL
330,T74,658,USED_TERMINAL
331,T12,34,USED_TERMINAL
331,T58,28,USED_TERMINAL
331,T114,29,USED_TERMINAL
331,T130,25,USED_TERMINAL
331,T140,29,USED_TERMINAL
331,T150,40,USED_TERMINAL
331,T170,29,USED_TERMINAL
331,T171,34,USED_TERMINAL
332,T45,426,USED_TERMINAL
332,T53,431,USED_TERMINAL
332,T75,459,USED_TERMINAL
332,T108,463,USED_TERMINAL
332,T125,424,USED_TERMINAL
333,T38,1482,USED_TERMINAL
334,T62,178,USED_TERMINAL
334,T122,181,USED_TERMINAL
334,T151,188,USED_TERMINAL
334,T169,184,USED_TERMINAL
334,T178,183,USED_TERMINAL
334,T193,207,USED_TERMINAL
335,T50,627,USED_TERMINAL
335,T78,614,USED_TERMINAL
335,T80,618,USED_TERMINAL
335,T129,627,USED_TERMINAL
335,T157,580,USED_TERMINAL
335,T166,643,USED_TERMINAL
336,T18,248,USED_TERMINAL
336,T39,243,USED_TERMINAL
336,T81,244,USED_TERMINAL
336,T96,253,USED_TERMINAL
336,T130,258,USED_TERMINAL
336,T175,253,USED_TERMINAL
337,T0,268,USED_TERMINAL
337,T5,299,USED_TERMINAL
337,T160,310,USED_TERMINAL
337,T198,288,USED_TERMINAL
338,T21,38,USED_TERMINAL
338,T92,42,USED_TERMINAL
338,T119,41,USED_TERMINAL
338,T120,35,USED_TERMINAL
338,T139,41,USED_TERMINAL
338,T168,29,USED_TERMINAL
338,T198,36,USED_TERMINAL
339,T15,439,USED_TERMINAL
339,T22,447,USED_TERMINAL
339,T30,438,USED_TERMINAL
339,T89,428,USED_TERMINAL
339,T123,440,USED_TERMINAL
339,T187,443,USED_TERMINAL
340,T18,407,USED_TERMINAL
340,T39,414,USED_TERMINAL
340,T96,431,USED_TERMINAL
340,T131,431,USED_TERMINAL
340,T175,431,USED_TERMINAL
341,T29,167,USED_TERMINAL
341,T87,174,USED_TERMINAL
341,T143,171,USED_TERMINAL
341,T144,177,USED_TERMINAL
341,T145,198,USED_TERMINAL
341,T164,173,USED_TERMINAL
342,T39,547,USED_TERMINAL
342,T40,524,USED_TERMINAL
342,T122,516,USED_TERMINAL
342,T131,448,USED_TERMINAL
342,T175,490,USED_TERMINAL
342,T188,496,USED_TERMINAL
344,T15,155,USED_TERMINAL
344,T22,129,USED_TERMINAL
344,T32,147,USED_TERMINAL
344,T83,143,USED_TERMINAL
344,T107,147,USED_TERMINAL
344,T152,138,USED_TERMINAL
344,T194,131,USED_TERMINAL
345,T59,425,USED_TERMINAL
345,T91,421,USED_TERMINAL
345,T167,399,USED_TERMINAL
345,T174,417,USED_TERMINAL
346,T8,181,USED_TERMINAL
346,T46,189,USED_TERMINAL
346,T115,176,USED_TERMINAL
346,T117,184,USED_TERMINAL
346,T146,137,USED_TERMINAL
346,T162,161,USED_TERMINAL
346,T190,154,USED_TERMINAL
346,T199,161,USED_TERMINAL
347,T3,374,USED_TERMINAL
347,T30,377,USED_TERMINAL
347,T64,350,USED_TERMINAL
347,T89,353,USED_TERMINAL
347,T110,333,USED_TERMINAL
347,T187,349,USED_TERMINAL
348,T42,353,USED_TERMINAL
348,T85,347,USED_TERMINAL
348,T105,329,USED_TERMINAL
348,T112,337,USED_TERMINAL
348,T120,323,USED_TERMINAL
348,T126,335,USED_TERMINAL
348,T168,343,USED_TERMINAL
349,T54,678,USED_TERMINAL
349,T65,756,USED_TERMINAL
349,T99,763,USED_TERMINAL
349,T124,770,USED_TERMINAL
350,T134,1858,USED_TERMINAL
351,T79,18,USED_TERMINAL
351,T97,31,USED_TERMINAL
351,T104,29,USED_TERMINAL
351,T155,26,USED_TERMINAL
352,T16,239,USED_TERMINAL
352,T34,241,USED_TERMINAL
352,T40,257,USED_TERMINAL
352,T48,267,USED_TERMINAL
352,T52,277,USED_TERMINAL
352,T62,273,USED_TERMINAL
352,T100,262,USED_TERMINAL
352,T169,262,USED_TERMINAL
352,T181,280,USED_TERMINAL
352,T183,263,USED_TERMINAL
353,T28,37,USED_TERMINAL
353,T59,45,USED_TERMINAL
353,T70,43,USED_TERMINAL
353,T90,43,USED_TERMINAL
353,T121,44,USED_TERMINAL
353,T189,40,USED_TERMINAL
354,T2,299,USED_TERMINAL
354,T9,278,USED_TERMINAL
354,T24,292,USED_TERMINAL
354,T55,307,USED_TERMINAL
354,T95,294,USED_TERMINAL
354,T106,293,USED_TERMINAL
354,T156,269,USED_TERMINAL
354,T161,300,USED_TERMINAL
354,T180,273,USED_TERMINAL
355,T2,251,USED_TERMINAL
355,T13,236,USED_TERMINAL
355,T60,262,USED_TERMINAL
355,T71,270,USED_TERMINAL
355,T72,267,USED_TERMINAL
356,T26,973,USED_TERMINAL
356,T153,964,USED_TERMINAL
356,T176,939,USED_TERMINAL
356,T192,917,USED_TERMINAL
357,T65,99,USED_TERMINAL
357,T94,107,USED_TERMINAL
357,T99,99,USED_TERMINAL
357,T113,103,USED_TERMINAL
358,T47,836,USED_TERMINAL
358,T135,853,USED_TERMINAL
358,T153,885,USED_TERMINAL
359,T43,664,USED_TERMINAL
359,T94,657,USED_TERMINAL
359,T105,696,USED_TERMINAL
359,T126,743,USED_TERMINAL
360,T27,559,USED_TERMINAL
360,T28,545,USED_TERMINAL
360,T37,602,USED_TERMINAL
360,T70,552,USED_TERMINAL
360,T184,540,USED_TERMINAL
361,T24,342,USED_TERMINAL
361,T95,314,USED_TERMINAL
361,T147,332,USED_TERMINAL
361,T148,333,USED_TERMINAL
361,T156,308,USED_TERMINAL
361,T161,334,USED_TERMINAL
361,T180,363,USED_TERMINAL
361,T196,326,USED_TERMINAL
362,T18,172,USED_TERMINAL
362,T29,174,USED_TERMINAL
362,T63,168,USED_TERMINAL
362,T81,163,USED_TERMINAL
362,T87,180,USED_TERMINAL
362,T113,189,USED_TERMINAL
362,T127,163,USED_TERMINAL
362,T143,163,USED_TERMINAL
362,T144,154,USED_TERMINAL
362,T145,183,USED_TERMINAL
362,T197,170,USED_TERMINAL
363,T10,223,USED_TERMINAL
363,T12,226,USED_TERMINAL
363,T97,242,USED_TERMINAL
363,T104,241,USED_TERMINAL
363,T114,262,USED_TERMINAL
363,T140,248,USED_TERMINAL
363,T150,247,USED_TERMINAL
363,T155,216,USED_TERMINAL
363,T170,230,USED_TERMINAL
363,T171,250,USED_TERMINAL
364,T46,138,USED_TERMINAL
364,T84,105,USED_TERMINAL
364,T103,153,USED_TERMINAL
364,T115,161,USED_TERMINAL
364,T117,135,USED_TERMINAL
364,T146,109,USED_TERMINAL
364,T162,134,USED_TERMINAL
364,T190,130,USED_TERMINAL
364,T199,136,USED_TERMINAL
365,T79,735,USED_TERMINAL
365,T97,821,USED_TERMINAL
365,T104,837,USED_TERMINAL
365,T155,801,USED_TERMINAL
366,T39,131,USED_TERMINAL
366,T122,119,USED_TERMINAL
366,T131,129,USED_TERMINAL
366,T173,140,USED_TERMINAL
366,T175,141,USED_TERMINAL
366,T188,127,USED_TERMINAL
367,T18,320,USED_TERMINAL
367,T81,321,USED_TERMINAL
367,T96,326,USED_TERMINAL
367,T113,295,USED_TERMINAL
367,T124,311,USED_TERMINAL
367,T127,297,USED_TERMINAL
367,T130,321,USED_TERMINAL
367,T197,318,USED_TERMINAL
368,T43,444,USED_TERMINAL
368,T94,489,USED_TERMINAL
368,T105,454,USED_TERMINAL
368,T119,492,USED_TERMINAL
369,T27,526,USED_TERMINAL
369,T28,525,USED_TERMINAL
369,T70,509,USED_TERMINAL
369,T76,496,USED_TERMINAL
369,T121,567,USED_TERMINAL
369,T184,551,USED_TERMINAL
370,T1,583,USED_TERMINAL
370,T61,578,USED_TERMINAL
370,T64,612,USED_TERMINAL
370,T89,632,USED_TERMINAL
370,T98,652,USED_TERMINAL
370,T187,613,USED_TERMINAL
371,T54,646,USED_TERMINAL
371,T58,619,USED_TERMINAL
371,T65,637,USED_TERMINAL
371,T99,604,USED_TERMINAL
371,T124,679,USED_TERMINAL
372,T134,1222,USED_TERMINAL
372,T135,1315,USED_TERMINAL
373,T42,16,USED_TERMINAL
373,T43,17,USED_TERMINAL
373,T85,13,USED_TERMINAL
373,T105,12,USED_TERMINAL
373,T112,15,USED_TERMINAL
373,T120,20,USED_TERMINAL
373,T126,11,USED_TERMINAL
373,T168,12,USED_TERMINAL
374,T2,107,USED_TERMINAL
374,T24,119,USED_TERMINAL
374,T55,115,USED_TERMINAL
374,T95,107,USED_TERMINAL
374,T106,122,USED_TERMINAL
374,T156,143,USED_TERMINAL
374,T161,123,USED_TERMINAL
375,T119,601,USED_TERMINAL
375,T143,638,USED_TERMINAL
375,T145,609,USED_TERMINAL
376,T34,236,USED_TERMINAL
376,T40,223,USED_TERMINAL
376,T48,252,USED_TERMINAL
376,T52,224,USED_TERMINAL
376,T56,215,USED_TERMINAL
376,T101,249,USED_TERMINAL
376,T137,260,USED_TERMINAL
376,T182,253,USED_TERMINAL
376,T188,248,USED_TERMINAL
377,T16,90,USED_TERMINAL
377,T34,79,USED_TERMINAL
377,T48,59,USED_TERMINAL
377,T52,73,USED_TERMINAL
377,T100,83,USED_TERMINAL
377,T101,104,USED_TERMINAL
377,T137,71,USED_TERMINAL
377,T181,79,USED_TERMINAL
377,T182,60,USED_TERMINAL
377,T183,75,USED_TERMINAL
378,T4,198,USED_TERMINAL
378,T5,180,USED_TERMINAL
378,T8,190,USED_TERMINAL
378,T46,206,USED_TERMINAL
378,T115,187,USED_TERMINAL
378,T117,205,USED_TERMINAL
378,T160,213,USED_TERMINAL
378,T190,196,USED_TERMINAL
379,T18,621,USED_TERMINAL
379,T39,688,USED_TERMINAL
379,T81,639,USED_TERMINAL
379,T96,655,USED_TERMINAL
379,T130,602,USED_TERMINAL
379,T175,614,USED_TERMINAL
380,T18,391,USED_TERMINAL
380,T81,404,USED_TERMINAL
380,T99,408,USED_TERMINAL
380,T113,398,USED_TERMINAL
380,T124,411,USED_TERMINAL
380,T127,382,USED_TERMINAL
380,T197,455,USED_TERMINAL
381,T10,291,USED_TERMINAL
381,T58,269,USED_TERMINAL
381,T114,314,USED_TERMINAL
381,T124,258,USED_TERMINAL
381,T130,274,USED_TERMINAL
381,T150,277,USED_TERMINAL
381,T171,269,USED_TERMINAL
381,T179,259,USED_TERMINAL
382,T43,780,USED_TERMINAL
382,T94,751,USED_TERMINAL
382,T105,805,USED_TERMINAL
382,T112,739,USED_TERMINAL
382,T126,778,USED_TERMINAL
383,T35,929,USED_TERMINAL
383,T109,944,USED_TERMINAL
383,T174,877,USED_TERMINAL
384,T10,160,USED_TERMINAL
384,T18,159,USED_TERMINAL
384,T58,178,USED_TERMINAL
384,T124,178,USED_TERMINAL
384,T130,168,USED_TERMINAL
384,T150,188,USED_TERMINAL
384,T179,153,USED_TERMINAL
385,T0,108,USED_TERMINAL
385,T5,96,USED_TERMINAL
385,T29,100,USED_TERMINAL
385,T87,112,USED_TERMINAL
385,T144,116,USED_TERMINAL
385,T145,107,USED_TERMINAL
385,T164,107,USED_TERMINAL
386,T47,1098,USED_TERMINAL
386,T135,1160,USED_TERMINAL
387,T21,407,USED_TERMINAL
387,T42,415,USED_TERMINAL
387,T92,410,USED_TERMINAL
387,T112,403,USED_TERMINAL
387,T119,425,USED_TERMINAL
387,T120,417,USED_TERMINAL
387,T139,412,USED_TERMINAL
387,T142,426,USED_TERMINAL
387,T168,430,USED_TERMINAL
388,T51,786,USED_TERMINAL
388,T68,831,USED_TERMINAL
388,T132,815,USED_TERMINAL
388,T178,826,USED_TERMINAL
389,T1,535,USED_TERMINAL
389,T15,547,USED_TERMINAL
389,T30,522,USED_TERMINAL
389,T64,537,USED_TERMINAL
389,T89,507,USED_TERMINAL
389,T123,511,USED_TERMINAL
389,T187,523,USED_TERMINAL
390,T29,509,USED_TERMINAL
390,T44,513,USED_TERMINAL
390,T128,484,USED_TERMINAL
390,T144,504,USED_TERMINAL
391,T86,313,USED_TERMINAL
391,T154,304,USED_TERMINAL
391,T177,320,USED_TERMINAL
392,T50,933,USED_TERMINAL
392,T102,914,USED_TERMINAL
392,T134,987,USED_TERMINAL
393,T135,52,USED_TERMINAL
393,T176,43,USED_TERMINAL
393,T192,47,USED_TERMINAL
394,T11,413,USED_TERMINAL
394,T21,414,USED_TERMINAL
394,T73,428,USED_TERMINAL
394,T77,425,USED_TERMINAL
394,T92,393,USED_TERMINAL
394,T186,441,USED_TERMINAL
394,T195,450,USED_TERMINAL
395,T18,513,USED_TERMINAL
395,T58,570,USED_TERMINAL
395,T96,583,USED_TERMINAL
395,T114,504,USED_TERMINAL
395,T130,544,USED_TERMINAL
395,T150,561,USED_TERMINAL
395,T171,542,USED_TERMINAL
396,T16,16,USED_TERMINAL
396,T34,11,USED_TERMINAL
396,T40,10,USED_TERMINAL
396,T48,10,USED_TERMINAL
396,T52,21,USED_TERMINAL
396,T62,16,USED_TERMINAL
396,T100,8,USED_TERMINAL
396,T101,13,USED_TERMINAL
396,T169,16,USED_TERMINAL
396,T181,6,USED_TERMINAL
396,T182,6,USED_TERMINAL
397,T35,1001,USED_TERMINAL
397,T149,1088,USED_TERMINAL
397,T191,1064,USED_TERMINAL
398,T37,712,USED_TERMINAL
398,T47,771,USED_TERMINAL
398,T153,761,USED_TERMINAL
398,T180,729,USED_TERMINAL
399,T0,116,USED_TERMINAL
399,T5,120,USED_TERMINAL
399,T119,116,USED_TERMINAL
399,T145,108,USED_TERMINAL
399,T198,111,USED_TERMINAL
400,T38,1844,USED_TERMINAL
400,T51,1807,USED_TERMINAL
401,T149,193,USED_TERMINAL
401,T191,210,USED_TERMINAL
402,T18,214,USED_TERMINAL
402,T63,219,USED_TERMINAL
402,T81,220,USED_TERMINAL
402,T113,233,USED_TERMINAL
402,T124,242,USED_TERMINAL
402,T127,271,USED_TERMINAL
402,T197,207,USED_TERMINAL
403,T102,1152,USED_TERMINAL
403,T134,1108,USED_TERMINAL
403,T135,1157,USED_TERMINAL
404,T35,380,USED_TERMINAL
405,T3,492,USED_TERMINAL
405,T26,509,USED_TERMINAL
405,T64,499,USED_TERMINAL
405,T110,456,USED_TERMINAL
405,T138,533,USED_TERMINAL
406,T18,495,USED_TERMINAL
406,T58,517,USED_TERMINAL
406,T124,496,USED_TERMINAL
406,T130,503,USED_TERMINAL
406,T150,496,USED_TERMINAL
407,T69,824,USED_TERMINAL
407,T171,840,USED_TERMINAL
407,T175,876,USED_TERMINAL
407,T188,881,USED_TERMINAL
408,T13,913,USED_TERMINAL
408,T60,900,USED_TERMINAL
409,T28,1011,USED_TERMINAL
409,T59,1053,USED_TERMINAL
409,T70,986,USED_TERMINAL
410,T3,181,USED_TERMINAL
410,T15,205,USED_TERMINAL
410,T22,223,USED_TERMINAL
410,T30,203,USED_TERMINAL
410,T80,217,USED_TERMINAL
410,T110,173,USED_TERMINAL
410,T138,171,USED_TERMINAL
410,T152,209,USED_TERMINAL
410,T157,211,USED_TERMINAL
411,T10,42,USED_TERMINAL
411,T58,45,USED_TERMINAL
411,T114,37,USED_TERMINAL
411,T140,38,USED_TERMINAL
411,T150,48,USED_TERMINAL
411,T170,48,USED_TERMINAL
411,T179,42,USED_TERMINAL
412,T91,152,USED_TERMINAL
412,T109,139,USED_TERMINAL
412,T167,136,USED_TERMINAL
412,T174,156,USED_TERMINAL
413,T78,302,USED_TERMINAL
413,T80,302,USED_TERMINAL
413,T107,322,USED_TERMINAL
413,T152,295,USED_TERMINAL
413,T157,312,USED_TERMINAL
413,T166,337,USED_TERMINAL
414,T23,1103,USED_TERMINAL
414,T149,1175,USED_TERMINAL
414,T191,1093,USED_TERMINAL
415,T86,357,USED_TERMINAL
415,T136,340,USED_TERMINAL
415,T146,351,USED_TERMINAL
415,T162,339,USED_TERMINAL
415,T199,318,USED_TERMINAL
416,T86,668,USED_TERMINAL
416,T136,648,USED_TERMINAL
416,T146,708,USED_TERMINAL
416,T162,640,USED_TERMINAL
417,T2,489,USED_TERMINAL
417,T9,482,USED_TERMINAL
417,T55,502,USED_TERMINAL
417,T71,481,USED_TERMINAL
417,T72,492,USED_TERMINAL
417,T106,507,USED_TERMINAL
418,T138,3132,USED_TERMINAL
419,T28,217,USED_TERMINAL
419,T76,216,USED_TERMINAL
419,T88,190,USED_TERMINAL
419,T90,212,USED_TERMINAL
419,T121,199,USED_TERMINAL
419,T141,214,USED_TERMINAL
419,T154,194,USED_TERMINAL
419,T189,218,USED_TERMINAL
420,T18,20,USED_TERMINAL
420,T81,16,USED_TERMINAL
420,T96,13,USED_TERMINAL
420,T124,20,USED_TERMINAL
420,T127,15,USED_TERMINAL
420,T130,19,USED_TERMINAL
420,T197,14,USED_TERMINAL
421,T3,513,USED_TERMINAL
421,T26,530,USED_TERMINAL
421,T110,549,USED_TERMINAL
421,T138,510,USED_TERMINAL
421,T176,514,USED_TERMINAL
421,T192,501,USED_TERMINAL
422,T62,119,USED_TERMINAL
422,T122,97,USED_TERMINAL
422,T151,96,USED_TERMINAL
422,T169,88,USED_TERMINAL
422,T178,91,USED_TERMINAL
422,T193,98,USED_TERMINAL
423,T35,2697,USED_TERMINAL
424,T32,345,USED_TERMINAL
424,T78,354,USED_TERMINAL
424,T83,371,USED_TERMINAL
424,T107,366,USED_TERMINAL
424,T118,348,USED_TERMINAL
424,T163,381,USED_TERMINAL
424,T172,371,USED_TERMINAL
424,T194,331,USED_TERMINAL
425,T20,34,USED_TERMINAL
425,T56,28,USED_TERMINAL
425,T69,29,USED_TERMINAL
425,T188,33,USED_TERMINAL
426,T4,155,USED_TERMINAL
426,T50,151,USED_TERMINAL
426,T80,179,USED_TERMINAL
426,T102,140,USED_TERMINAL
426,T129,150,USED_TERMINAL
426,T166,141,USED_TERMINAL
427,T42,193,USED_TERMINAL
427,T85,181,USED_TERMINAL
427,T105,204,USED_TERMINAL
427,T112,209,USED_TERMINAL
427,T120,202,USED_TERMINAL
427,T126,184,USED_TERMINAL
427,T168,186,USED_TERMINAL
428,T19,413,USED_TERMINAL
428,T53,375,USED_TERMINAL
429,T6,305,USED_TERMINAL
429,T14,305,USED_TERMINAL
429,T21,266,USED_TERMINAL
429,T42,311,USED_TERMINAL
429,T92,327,USED_TERMINAL
429,T120,331,USED_TERMINAL
429,T142,296,USED_TERMINAL
429,T159,284,USED_TERMINAL
429,T168,301,USED_TERMINAL
429,T195,305,USED_TERMINAL
430,T10,65,USED_TERMINAL
430,T12,92,USED_TERMINAL
430,T58,93,USED_TERMINAL
430,T97,76,USED_TERMINAL
430,T114,85,USED_TERMINAL
430,T130,63,USED_TERMINAL
430,T140,66,USED_TERMINAL
430,T150,67,USED_TERMINAL
430,T170,77,USED_TERMINAL
430,T171,59,USED_TERMINAL
430,T179,87,USED_TERMINAL
431,T59,177,USED_TERMINAL
431,T67,174,USED_TERMINAL
431,T158,145,USED_TERMINAL
431,T189,147,USED_TERMINAL
432,T15,150,USED_TERMINAL
432,T22,139,USED_TERMINAL
432,T30,136,USED_TERMINAL
432,T80,148,USED_TERMINAL
432,T107,138,USED_TERMINAL
432,T138,145,USED_TERMINAL
432,T152,135,USED_TERMINAL
432,T157,152,USED_TERMINAL
432,T166,148,USED_TERMINAL
433,T27,97,USED_TERMINAL
433,T147,84,USED_TERMINAL
433,T148,91,USED_TERMINAL
433,T185,67,USED_TERMINAL
434,T63,69,USED_TERMINAL
434,T87,69,USED_TERMINAL
434,T119,55,USED_TERMINAL
434,T143,67,USED_TERMINAL
434,T145,64,USED_TERMINAL
435,T18,443,USED_TERMINAL
435,T63,412,USED_TERMINAL
435,T81,434,USED_TERMINAL
435,T113,429,USED_TERMINAL
435,T127,447,USED_TERMINAL
435,T143,442,USED_TERMINAL
435,T197,436,USED_TERMINAL
436,T12,8,USED_TERMINAL
436,T69,6,USED_TERMINAL
436,T79,5,USED_TERMINAL
436,T140,11,USED_TERMINAL
436,T171,8,USED_TERMINAL
437,T3,207,USED_TERMINAL
437,T9,198,USED_TERMINAL
437,T26,203,USED_TERMINAL
437,T64,194,USED_TERMINAL
437,T110,224,USED_TERMINAL
437,T176,230,USED_TERMINAL
437,T192,179,USED_TERMINAL
438,T17,186,USED_TERMINAL
438,T31,204,USED_TERMINAL
438,T41,208,USED_TERMINAL
438,T88,193,USED_TERMINAL
438,T141,209,USED_TERMINAL
438,T177,203,USED_TERMINAL
439,T10,421,USED_TERMINAL
439,T12,387,USED_TERMINAL
439,T97,383,USED_TERMINAL
439,T104,386,USED_TERMINAL
439,T114,427,USED_TERMINAL
439,T140,408,USED_TERMINAL
439,T155,345,USED_TERMINAL
439,T170,388,USED_TERMINAL
440,T6,324,USED_TERMINAL
440,T21,299,USED_TERMINAL
440,T42,270,USED_TERMINAL
440,T92,297,USED_TERMINAL
440,T112,274,USED_TERMINAL
440,T120,253,USED_TERMINAL
440,T142,295,USED_TERMINAL
440,T159,284,USED_TERMINAL
440,T168,339,USED_TERMINAL
441,T45,638,USED_TERMINAL
441,T53,629,USED_TERMINAL
441,T75,653,USED_TERMINAL
441,T108,657,USED_TERMINAL
441,T125,709,USED_TERMINAL
442,T86,324,USED_TERMINAL
442,T103,375,USED_TERMINAL
442,T136,336,USED_TERMINAL
442,T146,342,USED_TERMINAL
442,T162,346,USED_TERMINAL
442,T199,344,USED_TERMINAL
443,T0,98,USED_TERMINAL
443,T5,97,USED_TERMINAL
443,T87,87,USED_TERMINAL
443,T119,103,USED_TERMINAL
443,T143,86,USED_TERMINAL
443,T145,84,USED_TERMINAL
443,T198,84,USED_TERMINAL
444,T47,1639,USED_TERMINAL
444,T135,1637,USED_TERMINAL
445,T62,42,USED_TERMINAL
445,T122,40,USED_TERMINAL
445,T151,59,USED_TERMINAL
445,T169,55,USED_TERMINAL
445,T173,49,USED_TERMINAL
445,T193,46,USED_TERMINAL
446,T17,122,USED_TERMINAL
446,T41,137,USED_TERMINAL
446,T67,148,USED_TERMINAL
446,T88,131,USED_TERMINAL
446,T116,122,USED_TERMINAL
446,T158,133,USED_TERMINAL
447,T59,641,USED_TERMINAL
447,T67,672,USED_TERMINAL
447,T91,644,USED_TERMINAL
447,T158,619,USED_TERMINAL
448,T19,885,USED_TERMINAL
448,T36,879,USED_TERMINAL
448,T57,884,USED_TERMINAL
448,T111,913,USED_TERMINAL
449,T33,228,USED_TERMINAL
449,T122,225,USED_TERMINAL
449,T151,212,USED_TERMINAL
449,T169,221,USED_TERMINAL
449,T173,206,USED_TERMINAL
450,T76,214,USED_TERMINAL
450,T86,209,USED_TERMINAL
450,T154,239,USED_TERMINAL
450,T177,220,USED_TERMINAL
451,T1,18,USED_TERMINAL
451,T61,28,USED_TERMINAL
451,T89,21,USED_TERMINAL
451,T98,22,USED_TERMINAL
451,T187,17,USED_TERMINAL
452,T63,271,USED_TERMINAL
452,T65,257,USED_TERMINAL
452,T81,256,USED_TERMINAL
452,T94,265,USED_TERMINAL
452,T99,241,USED_TERMINAL
452,T113,269,USED_TERMINAL
452,T127,275,USED_TERMINAL
452,T143,262,USED_TERMINAL
452,T197,257,USED_TERMINAL
453,T97,514,USED_TERMINAL
453,T104,468,USED_TERMINAL
453,T140,463,USED_TERMINAL
453,T155,488,USED_TERMINAL
453,T170,479,USED_TERMINAL
454,T27,1288,USED_TERMINAL
454,T66,1256,USED_TERMINAL
454,T74,1263,USED_TERMINAL
455,T41,602,USED_TERMINAL
455,T51,612,USED_TERMINAL
455,T68,611,USED_TERMINAL
455,T116,609,USED_TERMINAL
455,T132,550,USED_TERMINAL
456,T10,401,USED_TERMINAL
456,T54,424,USED_TERMINAL
456,T58,401,USED_TERMINAL
456,T124,436,USED_TERMINAL
456,T179,441,USED_TERMINAL
457,T15,191,USED_TERMINAL
457,T22,203,USED_TERMINAL
457,T30,193,USED_TERMINAL
457,T32,211,USED_TERMINAL
457,T83,192,USED_TERMINAL
457,T107,201,USED_TERMINAL
457,T123,206,USED_TERMINAL
457,T152,171,USED_TERMINAL
457,T157,190,USED_TERMINAL
457,T194,226,USED_TERMINAL
458,T6,115,USED_TERMINAL
458,T21,126,USED_TERMINAL
458,T42,141,USED_TERMINAL
458,T92,127,USED_TERMINAL
458,T112,123,USED_TERMINAL
458,T120,119,USED_TERMINAL
458,T139,113,USED_TERMINAL
458,T142,127,USED_TERMINAL
458,T159,124,USED_TERMINAL
458,T168,110,USED_TERMINAL
459,T31,115,USED_TERMINAL
459,T86,102,USED_TERMINAL
459,T133,103,USED_TERMINAL
459,T136,98,USED_TERMINAL
459,T146,94,USED_TERMINAL
459,T162,107,USED_TERMINAL
459,T177,95,USED_TERMINAL
460,T54,158,USED_TERMINAL
460,T58,150,USED_TERMINAL
460,T99,169,USED_TERMINAL
460,T124,162,USED_TERMINAL
460,T179,152,USED_TERMINAL
461,T18,422,USED_TERMINAL
461,T39,336,USED_TERMINAL
461,T81,395,USED_TERMINAL
461,T96,377,USED_TERMINAL
461,T130,371,USED_TERMINAL
461,T175,408,USED_TERMINAL
462,T80,220,USED_TERMINAL
462,T107,204,USED_TERMINAL
462,T138,243,USED_TERMINAL
462,T152,185,USED_TERMINAL
462,T157,199,USED_TERMINAL
462,T166,185,USED_TERMINAL
463,T50,165,USED_TERMINAL
463,T80,190,USED_TERMINAL
463,T138,180,USED_TERMINAL
463,T166,159,USED_TERMINAL
464,T4,53,USED_TERMINAL
464,T5,59,USED_TERMINAL
464,T8,70,USED_TERMINAL
464,T46,64,USED_TERMINAL
464,T115,66,USED_TERMINAL
464,T117,57,USED_TERMINAL
464,T160,56,USED_TERMINAL
464,T190,48,USED_TERMINAL
465,T35,1795,USED_TERMINAL
466,T3,653,USED_TERMINAL
466,T26,695,USED_TERMINAL
466,T110,687,USED_TERMINAL
466,T138,718,USED_TERMINAL
466,T192,675,USED_TERMINAL
467,T16,345,USED_TERMINAL
467,T34,345,USED_TERMINAL
467,T48,380,USED_TERMINAL
467,T62,345,USED_TERMINAL
467,T100,343,USED_TERMINAL
467,T181,312,USED_TERMINAL
467,T183,355,USED_TERMINAL
468,T24,425,USED_TERMINAL
468,T37,406,USED_TERMINAL
468,T47,409,USED_TERMINAL
468,T153,396,USED_TERMINAL
468,T180,404,USED_TERMINAL
469,T71,279,USED_TERMINAL
469,T72,295,USED_TERMINAL
469,T98,259,USED_TERMINAL
470,T23,51,USED_TERMINAL
470,T38,50,USED_TERMINAL
470,T41,52,USED_TERMINAL
470,T51,47,USED_TERMINAL
470,T68,39,USED_TERMINAL
470,T116,49,USED_TERMINAL
470,T132,37,USED_TERMINAL
471,T35,1673,USED_TERMINAL
471,T149,1703,USED_TERMINAL
472,T11,470,USED_TERMINAL
472,T73,470,USED_TERMINAL
472,T77,466,USED_TERMINAL
472,T93,482,USED_TERMINAL
472,T129,448,USED_TERMINAL
473,T20,292,USED_TERMINAL
473,T52,326,USED_TERMINAL
473,T56,319,USED_TERMINAL
473,T101,288,USED_TERMINAL
473,T137,317,USED_TERMINAL
473,T182,292,USED_TERMINAL
473,T188,312,USED_TERMINAL
474,T18,561,USED_TERMINAL
474,T39,553,USED_TERMINAL
474,T96,551,USED_TERMINAL
474,T130,555,USED_TERMINAL
474,T175,577,USED_TERMINAL
475,T39,294,USED_TERMINAL
475,T69,281,USED_TERMINAL
475,T96,314,USED_TERMINAL
475,T131,302,USED_TERMINAL
475,T175,291,USED_TERMINAL
475,T188,283,USED_TERMINAL
476,T29,342,USED_TERMINAL
476,T87,333,USED_TERMINAL
476,T128,342,USED_TERMINAL
476,T143,349,USED_TERMINAL
476,T144,313,USED_TERMINAL
476,T145,394,USED_TERMINAL
476,T164,389,USED_TERMINAL
477,T40,293,USED_TERMINAL
477,T52,286,USED_TERMINAL
477,T56,280,USED_TERMINAL
477,T69,303,USED_TERMINAL
477,T101,268,USED_TERMINAL
477,T137,270,USED_TERMINAL
477,T188,262,USED_TERMINAL
478,T26,334,USED_TERMINAL
478,T153,317,USED_TERMINAL
478,T176,310,USED_TERMINAL
478,T192,308,USED_TERMINAL
479,T29,105,USED_TERMINAL
479,T87,90,USED_TERMINAL
479,T128,91,USED_TERMINAL
479,T144,106,USED_TERMINAL
479,T164,117,USED_TERMINAL
480,T7,7,USED_TERMINAL
480,T32,7,USED_TERMINAL
480,T49,8,USED_TERMINAL
480,T83,3,USED_TERMINAL
480,T118,3,USED_TERMINAL
480,T172,6,USED_TERMINAL
480,T194,6,USED_TERMINAL
481,T16,301,USED_TERMINAL
481,T34,344,USED_TERMINAL
481,T40,355,USED_TERMINAL
481,T48,338,USED_TERMINAL
481,T52,315,USED_TERMINAL
481,T62,305,USED_TERMINAL
481,T100,337,USED_TERMINAL
481,T169,331,USED_TERMINAL
481,T181,333,USED_TERMINAL
481,T183,310,USED_TERMINAL
482,T16,215,USED_TERMINAL
482,T183,245,USED_TERMINAL
483,T43,389,USED_TERMINAL
483,T105,385,USED_TERMINAL
483,T112,413,USED_TERMINAL
483,T119,392,USED_TERMINAL
483,T120,373,USED_TERMINAL
483,T126,407,USED_TERMINAL
483,T139,397,USED_TERMINAL
483,T168,424,USED_TERMINAL
484,T15,29,USED_TERMINAL
484,T22,30,USED_TERMINAL
484,T30,28,USED_TERMINAL
484,T32,33,USED_TERMINAL
484,T83,27,USED_TERMINAL
484,T123,34,USED_TERMINAL
484,T187,28,USED_TERMINAL
484,T194,29,USED_TERMINAL
485,T54,458,USED_TERMINAL
485,T65,495,USED_TERMINAL
485,T94,473,USED_TERMINAL
485,T99,512,USED_TERMINAL
485,T113,485,USED_TERMINAL
485,T124,446,USED_TERMINAL
486,T28,1,USED_TERMINAL
486,T70,2,USED_TERMINAL
486,T76,4,USED_TERMINAL
486,T88,4,USED_TERMINAL
486,T90,6,USED_TERMINAL
486,T121,3,USED_TERMINAL
486,T184,2,USED_TERMINAL
486,T189,8,USED_TERMINAL
487,T65,698,USED_TERMINAL
487,T94,674,USED_TERMINAL
487,T99,682,USED_TERMINAL
487,T113,687,USED_TERMINAL
488,T8,362,USED_TERMINAL
488,T46,400,USED_TERMINAL
488,T115,382,USED_TERMINAL
488,T117,357,USED_TERMINAL
488,T128,406,USED_TERMINAL
488,T160,399,USED_TERMINAL
488,T164,404,USED_TERMINAL
488,T190,415,USED_TERMINAL
488,T199,397,USED_TERMINAL
489,T10,206,USED_TERMINAL
489,T54,220,USED_TERMINAL
489,T58,218,USED_TERMINAL
489,T179,200,USED_TERMINAL
490,T14,174,USED_TERMINAL
490,T45,211,USED_TERMINAL
490,T75,216,USED_TERMINAL
491,T86,162,USED_TERMINAL
491,T136,171,USED_TERMINAL
491,T146,163,USED_TERMINAL
491,T162,152,USED_TERMINAL
492,T23,106,USED_TERMINAL
492,T38,103,USED_TERMINAL
492,T51,115,USED_TERMINAL
493,T27,432,USED_TERMINAL
493,T37,443,USED_TERMINAL
493,T70,428,USED_TERMINAL
493,T148,444,USED_TERMINAL
493,T184,418,USED_TERMINAL
494,T19,102,USED_TERMINAL
494,T36,111,USED_TERMINAL
494,T57,112,USED_TERMINAL
494,T111,125,USED_TERMINAL
494,T165,100,USED_TERMINAL
494,T172,99,USED_TERMINAL
494,T186,117,USED_TERMINAL
495,T20,410,USED_TERMINAL
495,T56,418,USED_TERMINAL
495,T69,384,USED_TERMINAL
495,T101,415,USED_TERMINAL
495,T137,400,USED_TERMINAL
495,T182,429,USED_TERMINAL
495,T188,387,USED_TERMINAL
496,T17,188,USED_TERMINAL
496,T31,151,USED_TERMINAL
496,T41,176,USED_TERMINAL
496,T68,179,USED_TERMINAL
496,T88,197,USED_TERMINAL
496,T116,181,USED_TERMINAL
496,T141,179,USED_TERMINAL
496,T177,159,USED_TERMINAL
497,T18,331,USED_TERMINAL
497,T63,372,USED_TERMINAL
497,T65,334,USED_TERMINAL
497,T81,340,USED_TERMINAL
497,T94,351,USED_TERMINAL
497,T99,330,USED_TERMINAL
497,T113,336,USED_TERMINAL
497,T124,327,USED_TERMINAL
497,T127,373,USED_TERMINAL
497,T197,395,USED_TERMINAL
498,T7,503,USED_TERMINAL
498,T19,511,USED_TERMINAL
498,T25,508,USED_TERMINAL
498,T49,498,USED_TERMINAL
498,T118,548,USED_TERMINAL
498,T172,487,USED_TERMINAL
499,T31,300,USED_TERMINAL
499,T33,316,USED_TERMINAL
499,T133,316,USED_TERMINAL
499,T151,343,USED_TERMINAL
499,T178,300,USED_TERMINAL
499,T193,321,USED_TERMINAL
500,T62,176,USED_TERMINAL
500,T68,175,USED_TERMINAL
500,T169,207,USED_TERMINAL
500,T178,194,USED_TERMINAL
500,T193,195,USED_TERMINAL
501,T17,92,USED_TERMINAL
501,T86,88,USED_TERMINAL
501,T88,95,USED_TERMINAL
501,T90,99,USED_TERMINAL
501,T141,79,USED_TERMINAL
501,T154,88,USED_TERMINAL
501,T177,90,USED_TERMINAL
502,T3,113,USED_TERMINAL
502,T15,111,USED_TERMINAL
502,T22,134,USED_TERMINAL
502,T30,105,USED_TERMINAL
502,T107,111,USED_TERMINAL
502,T110,134,USED_TERMINAL
502,T138,116,USED_TERMINAL
502,T152,118,USED_TERMINAL
502,T157,116,USED_TERMINAL
503,T2,256,USED_TERMINAL
503,T13,275,USED_TERMINAL
503,T82,254,USED_TERMINAL
503,T106,234,USED_TERMINAL
504,T0,564,USED_TERMINAL
504,T5,543,USED_TERMINAL
504,T87,600,USED_TERMINAL
504,T119,627,USED_TERMINAL
504,T145,572,USED_TERMINAL
504,T198,606,USED_TERMINAL
505,T61,584,USED_TERMINAL
505,T71,543,USED_TERMINAL
505,T72,560,USED_TERMINAL
505,T98,577,USED_TERMINAL
506,T23,29,USED_TERMINAL
506,T38,38,USED_TERMINAL
506,T51,40,USED_TERMINAL
506,T68,32,USED_TERMINAL
506,T116,45,USED_TERMINAL
506,T132,54,USED_TERMINAL
507,T41,624,USED_TERMINAL
507,T51,648,USED_TERMINAL
507,T68,619,USED_TERMINAL
507,T116,626,USED_TERMINAL
507,T132,633,USED_TERMINAL
507,T178,680,USED_TERMINAL
508,T71,1037,USED_TERMINAL
508,T72,1045,USED_TERMINAL
508,T98,1017,USED_TERMINAL
509,T62,216,USED_TERMINAL
509,T122,252,USED_TERMINAL
509,T151,228,USED_TERMINAL
509,T169,220,USED_TERMINAL
509,T173,206,USED_TERMINAL
509,T178,225,USED_TERMINAL
509,T193,226,USED_TERMINAL
510,T28,673,USED_TERMINAL
510,T66,752,USED_TERMINAL
510,T70,683,USED_TERMINAL
510,T74,696,USED_TERMINAL
511,T6,148,USED_TERMINAL
511,T14,145,USED_TERMINAL
511,T42,173,USED_TERMINAL
511,T85,171,USED_TERMINAL
511,T120,165,USED_TERMINAL
511,T142,164,USED_TERMINAL
511,T159,145,USED_TERMINAL
512,T59,46,USED_TERMINAL
512,T91,37,USED_TERMINAL
512,T109,38,USED_TERMINAL
512,T167,31,USED_TERMINAL
512,T174,44,USED_TERMINAL
514,T11,67,USED_TERMINAL
514,T21,68,USED_TERMINAL
514,T73,68,USED_TERMINAL
514,T77,58,USED_TERMINAL
514,T92,62,USED_TERMINAL
514,T186,61,USED_TERMINAL
514,T195,75,USED_TERMINAL
515,T134,1250,USED_TERMINAL
515,T135,1212,USED_TERMINAL
516,T48,97,USED_TERMINAL
516,T62,81,USED_TERMINAL
516,T169,99,USED_TERMINAL
516,T178,124,USED_TERMINAL
516,T181,83,USED_TERMINAL
516,T193,87,USED_TERMINAL
517,T39,351,USED_TERMINAL
517,T69,355,USED_TERMINAL
517,T96,311,USED_TERMINAL
517,T131,364,USED_TERMINAL
517,T175,331,USED_TERMINAL
517,T188,331,USED_TERMINAL
518,T28,203,USED_TERMINAL
518,T59,210,USED_TERMINAL
518,T90,183,USED_TERMINAL
518,T121,209,USED_TERMINAL
518,T158,191,USED_TERMINAL
518,T189,200,USED_TERMINAL
519,T33,466,USED_TERMINAL
519,T84,464,USED_TERMINAL
519,T103,488,USED_TERMINAL
519,T133,437,USED_TERMINAL
519,T136,469,USED_TERMINAL
519,T146,468,USED_TERMINAL
519,T162,469,USED_TERMINAL
520,T27,446,USED_TERMINAL
520,T28,415,USED_TERMINAL
520,T37,429,USED_TERMINAL
520,T70,451,USED_TERMINAL
520,T184,424,USED_TERMINAL
521,T39,285,USED_TERMINAL
521,T96,274,USED_TERMINAL
521,T131,332,USED_TERMINAL
521,T175,288,USED_TERMINAL
522,T17,165,USED_TERMINAL
522,T31,153,USED_TERMINAL
522,T41,170,USED_TERMINAL
522,T133,186,USED_TERMINAL
522,T177,154,USED_TERMINAL
523,T42,92,USED_TERMINAL
523,T43,104,USED_TERMINAL
523,T85,125,USED_TERMINAL
523,T105,110,USED_TERMINAL
523,T112,106,USED_TERMINAL
523,T120,121,USED_TERMINAL
523,T126,117,USED_TERMINAL
523,T168,126,USED_TERMINAL
524,T76,499,USED_TERMINAL
524,T88,508,USED_TERMINAL
524,T90,535,USED_TERMINAL
524,T121,569,USED_TERMINAL
524,T141,532,USED_TERMINAL
524,T154,558,USED_TERMINAL
525,T3,351,USED_TERMINAL
525,T80,351,USED_TERMINAL
525,T138,371,USED_TERMINAL
525,T152,363,USED_TERMINAL
525,T157,352,USED_TERMINAL
525,T166,370,USED_TERMINAL
526,T20,549,USED_TERMINAL
526,T34,520,USED_TERMINAL
526,T52,496,USED_TERMINAL
526,T56,548,USED_TERMINAL
526,T101,582,USED_TERMINAL
526,T137,557,USED_TERMINAL
526,T182,531,USED_TERMINAL
527,T134,318,USED_TERMINAL
527,T135,358,USED_TERMINAL
528,T9,186,USED_TERMINAL
528,T24,214,USED_TERMINAL
528,T26,231,USED_TERMINAL
528,T55,210,USED_TERMINAL
528,T106,197,USED_TERMINAL
528,T156,214,USED_TERMINAL
528,T161,233,USED_TERMINAL
528,T176,208,USED_TERMINAL
528,T180,208,USED_TERMINAL
528,T192,229,USED_TERMINAL
529,T18,164,USED_TERMINAL
529,T81,165,USED_TERMINAL
529,T96,174,USED_TERMINAL
529,T124,195,USED_TERMINAL
529,T127,158,USED_TERMINAL
529,T130,185,USED_TERMINAL
529,T197,182,USED_TERMINAL
530,T17,224,USED_TERMINAL
530,T31,215,USED_TERMINAL
530,T41,203,USED_TERMINAL
530,T68,218,USED_TERMINAL
530,T133,230,USED_TERMINAL
530,T136,207,USED_TERMINAL
530,T177,195,USED_TERMINAL
530,T193,191,USED_TERMINAL
531,T38,1281,USED_TERMINAL
531,T51,1303,USED_TERMINAL
531,T132,1282,USED_TERMINAL
532,T17,413,USED_TERMINAL
532,T31,405,USED_TERMINAL
532,T86,373,USED_TERMINAL
532,T133,361,USED_TERMINAL
532,T136,354,USED_TERMINAL
532,T141,389,USED_TERMINAL
532,T154,358,USED_TERMINAL
532,T177,367,USED_TERMINAL
533,T18,78,USED_TERMINAL
533,T54,78,USED_TERMINAL
533,T58,72,USED_TERMINAL
533,T99,56,USED_TERMINAL
533,T124,74,USED_TERMINAL
533,T130,66,USED_TERMINAL
534,T59,181,USED_TERMINAL
534,T67,172,USED_TERMINAL
534,T88,174,USED_TERMINAL
534,T90,173,USED_TERMINAL
534,T141,169,USED_TERMINAL
534,T158,181,USED_TERMINAL
534,T189,165,USED_TERMINAL
535,T48,310,USED_TERMINAL
535,T62,294,USED_TERMINAL
535,T122,299,USED_TERMINAL
535,T169,298,USED_TERMINAL
535,T178,303,USED_TERMINAL
535,T181,280,USED_TERMINAL
536,T33,123,USED_TERMINAL
536,T44,131,USED_TERMINAL
536,T84,120,USED_TERMINAL
536,T103,141,USED_TERMINAL
536,T133,122,USED_TERMINAL
536,T151,119,USED_TERMINAL
536,T173,114,USED_TERMINAL
537,T40,544,USED_TERMINAL
537,T48,494,USED_TERMINAL
537,T52,553,USED_TERMINAL
537,T62,547,USED_TERMINAL
537,T122,558,USED_TERMINAL
537,T169,485,USED_TERMINAL
537,T181,544,USED_TERMINAL
538,T43,42,USED_TERMINAL
538,T105,49,USED_TERMINAL
538,T119,29,USED_TERMINAL
539,T86,194,USED_TERMINAL
539,T88,217,USED_TERMINAL
539,T141,219,USED_TERMINAL
539,T154,206,USED_TERMINAL
539,T177,205,USED_TERMINAL
540,T0,382,USED_TERMINAL
540,T11,357,USED_TERMINAL
540,T21,337,USED_TERMINAL
540,T73,398,USED_TERMINAL
540,T77,373,USED_TERMINAL
540,T92,387,USED_TERMINAL
540,T139,371,USED_TERMINAL
540,T198,386,USED_TERMINAL
541,T12,264,USED_TERMINAL
541,T114,286,USED_TERMINAL
541,T130,267,USED_TERMINAL
541,T140,270,USED_TERMINAL
541,T150,296,USED_TERMINAL
541,T171,251,USED_TERMINAL
542,T34,241,USED_TERMINAL
542,T40,228,USED_TERMINAL
542,T48,252,USED_TERMINAL
542,T52,243,USED_TERMINAL
542,T56,211,USED_TERMINAL
542,T101,193,USED_TERMINAL
542,T137,222,USED_TERMINAL
542,T182,247,USED_TERMINAL
542,T188,206,USED_TERMINAL
543,T43,498,USED_TERMINAL
543,T85,429,USED_TERMINAL
543,T105,437,USED_TERMINAL
543,T112,475,USED_TERMINAL
543,T126,496,USED_TERMINAL
544,T17,476,USED_TERMINAL
544,T41,480,USED_TERMINAL
544,T67,494,USED_TERMINAL
544,T88,529,USED_TERMINAL
544,T116,492,USED_TERMINAL
544,T141,464,USED_TERMINAL
544,T158,497,USED_TERMINAL
545,T109,1142,USED_TERMINAL
546,T40,69,USED_TERMINAL
546,T48,53,USED_TERMINAL
546,T52,50,USED_TERMINAL
546,T62,56,USED_TERMINAL
546,T101,52,USED_TERMINAL
546,T122,63,USED_TERMINAL
546,T169,49,USED_TERMINAL
546,T188,47,USED_TERMINAL
547,T29,412,USED_TERMINAL
547,T84,383,USED_TERMINAL
547,T117,434,USED_TERMINAL
547,T128,407,USED_TERMINAL
547,T164,379,USED_TERMINAL
547,T199,368,USED_TERMINAL
548,T97,631,USED_TERMINAL
548,T104,627,USED_TERMINAL
548,T155,639,USED_TERMINAL
549,T43,115,USED_TERMINAL
549,T63,126,USED_TERMINAL
549,T94,108,USED_TERMINAL
549,T119,106,USED_TERMINAL
550,T19,410,USED_TERMINAL
550,T36,445,USED_TERMINAL
550,T57,424,USED_TERMINAL
550,T111,428,USED_TERMINAL
550,T165,417,USED_TERMINAL
550,T186,398,USED_TERMINAL
551,T31,384,USED_TERMINAL
551,T86,340,USED_TERMINAL
551,T133,321,USED_TERMINAL
551,T136,376,USED_TERMINAL
551,T146,371,USED_TERMINAL
551,T154,350,USED_TERMINAL
551,T177,372,USED_TERMINAL
552,T16,24,USED_TERMINAL
552,T34,33,USED_TERMINAL
552,T40,22,USED_TERMINAL
552,T48,27,USED_TERMINAL
552,T52,20,USED_TERMINAL
552,T62,21,USED_TERMINAL
552,T100,24,USED_TERMINAL
552,T101,21,USED_TERMINAL
552,T181,24,USED_TERMINAL
552,T182,16,USED_TERMINAL
552,T183,27,USED_TERMINAL
553,T16,34,USED_TERMINAL
553,T34,20,USED_TERMINAL
553,T48,23,USED_TERMINAL
553,T62,27,USED_TERMINAL
553,T100,34,USED_TERMINAL
553,T181,26,USED_TERMINAL
553,T183,24,USED_TERMINAL
554,T37,741,USED_TERMINAL
554,T47,808,USED_TERMINAL
554,T135,775,USED_TERMINAL
554,T153,868,USED_TERMINAL
555,T31,486,USED_TERMINAL
555,T33,561,USED_TERMINAL
555,T86,553,USED_TERMINAL
555,T133,523,USED_TERMINAL
555,T136,540,USED_TERMINAL
555,T146,563,USED_TERMINAL
555,T177,530,USED_TERMINAL
556,T23,545,USED_TERMINAL
556,T35,537,USED_TERMINAL
556,T149,516,USED_TERMINAL
556,T191,476,USED_TERMINAL
557,T12,188,USED_TERMINAL
557,T79,161,USED_TERMINAL
557,T97,163,USED_TERMINAL
557,T104,181,USED_TERMINAL
557,T140,153,USED_TERMINAL
557,T155,169,USED_TERMINAL
557,T170,188,USED_TERMINAL
558,T42,61,USED_TERMINAL
558,T85,53,USED_TERMINAL
558,T105,56,USED_TERMINAL
558,T112,52,USED_TERMINAL
558,T120,57,USED_TERMINAL
558,T126,62,USED_TERMINAL
558,T142,65,USED_TERMINAL
558,T159,44,USED_TERMINAL
558,T168,46,USED_TERMINAL
559,T3,376,USED_TERMINAL
559,T26,365,USED_TERMINAL
559,T110,395,USED_TERMINAL
559,T176,361,USED_TERMINAL
559,T192,384,USED_TERMINAL
560,T34,2,USED_TERMINAL
560,T40,3,USED_TERMINAL
560,T48,2,USED_TERMINAL
560,T52,3,USED_TERMINAL
560,T56,1,USED_TERMINAL
560,T69,1,USED_TERMINAL
560,T101,3,USED_TERMINAL
560,T137,4,USED_TERMINAL
560,T188,1,USED_TERMINAL
561,T3,3669,USED_TERMINAL
562,T0,599,USED_TERMINAL
562,T5,597,USED_TERMINAL
562,T11,565,USED_TERMINAL
562,T160,579,USED_TERMINAL
562,T198,569,USED_TERMINAL
563,T28,951,USED_TERMINAL
563,T59,830,USED_TERMINAL
563,T66,872,USED_TERMINAL
563,T70,847,USED_TERMINAL
564,T6,145,USED_TERMINAL
564,T14,144,USED_TERMINAL
564,T21,132,USED_TERMINAL
564,T36,133,USED_TERMINAL
564,T42,150,USED_TERMINAL
564,T92,132,USED_TERMINAL
564,T111,146,USED_TERMINAL
564,T142,147,USED_TERMINAL
564,T159,161,USED_TERMINAL
564,T195,123,USED_TERMINAL
565,T46,183,USED_TERMINAL
565,T84,196,USED_TERMINAL
565,T103,199,USED_TERMINAL
565,T115,208,USED_TERMINAL
565,T117,209,USED_TERMINAL
565,T128,191,USED_TERMINAL
565,T146,198,USED_TERMINAL
565,T162,201,USED_TERMINAL
565,T190,218,USED_TERMINAL
565,T199,195,USED_TERMINAL
566,T36,647,USED_TERMINAL
566,T57,607,USED_TERMINAL
566,T111,615,USED_TERMINAL
566,T165,595,USED_TERMINAL
566,T186,631,USED_TERMINAL
566,T195,586,USED_TERMINAL
567,T26,529,USED_TERMINAL
567,T153,570,USED_TERMINAL
567,T176,564,USED_TERMINAL
567,T192,541,USED_TERMINAL
568,T35,763,USED_TERMINAL
568,T149,752,USED_TERMINAL
568,T191,741,USED_TERMINAL
569,T102,841,USED_TERMINAL
569,T115,928,USED_TERMINAL
569,T134,876,USED_TERMINAL
569,T162,872,USED_TERMINAL
570,T0,303,USED_TERMINAL
570,T5,311,USED_TERMINAL
570,T87,294,USED_TERMINAL
570,T117,293,USED_TERMINAL
570,T145,297,USED_TERMINAL
570,T160,325,USED_TERMINAL
570,T164,306,USED_TERMINAL
571,T11,1685,USED_TERMINAL
571,T129,1720,USED_TERMINAL
572,T45,11,USED_TERMINAL
572,T53,16,USED_TERMINAL
572,T75,13,USED_TERMINAL
572,T108,10,USED_TERMINAL
572,T125,13,USED_TERMINAL
573,T0,517,USED_TERMINAL
573,T5,540,USED_TERMINAL
573,T11,527,USED_TERMINAL
573,T21,587,USED_TERMINAL
573,T77,515,USED_TERMINAL
573,T139,546,USED_TERMINAL
573,T198,558,USED_TERMINAL
574,T47,691,USED_TERMINAL
574,T134,673,USED_TERMINAL
574,T135,675,USED_TERMINAL
575,T18,267,USED_TERMINAL
575,T81,252,USED_TERMINAL
575,T96,279,USED_TERMINAL
575,T127,273,USED_TERMINAL
575,T130,248,USED_TERMINAL
575,T197,284,USED_TERMINAL
576,T32,220,USED_TERMINAL
576,T78,244,USED_TERMINAL
576,T93,268,USED_TERMINAL
576,T107,250,USED_TERMINAL
576,T163,252,USED_TERMINAL
576,T172,217,USED_TERMINAL
576,T194,227,USED_TERMINAL
577,T16,411,USED_TERMINAL
577,T34,429,USED_TERMINAL
577,T48,386,USED_TERMINAL
577,T62,385,USED_TERMINAL
577,T100,365,USED_TERMINAL
577,T169,412,USED_TERMINAL
577,T181,388,USED_TERMINAL
577,T183,408,USED_TERMINAL
578,T27,131,USED_TERMINAL
578,T28,118,USED_TERMINAL
578,T66,130,USED_TERMINAL
578,T70,130,USED_TERMINAL
578,T74,135,USED_TERMINAL
578,T121,132,USED_TERMINAL
578,T184,119,USED_TERMINAL
579,T31,194,USED_TERMINAL
579,T33,184,USED_TERMINAL
579,T133,217,USED_TERMINAL
579,T151,183,USED_TERMINAL
579,T193,195,USED_TERMINAL
580,T59,821,USED_TERMINAL
580,T91,811,USED_TERMINAL
580,T158,823,USED_TERMINAL
580,T189,822,USED_TERMINAL
581,T86,479,USED_TERMINAL
581,T136,456,USED_TERMINAL
581,T146,514,USED_TERMINAL
581,T162,472,USED_TERMINAL
582,T23,146,USED_TERMINAL
582,T38,150,USED_TERMINAL
582,T51,163,USED_TERMINAL
582,T67,160,USED_TERMINAL
582,T116,148,USED_TERMINAL
582,T132,166,USED_TERMINAL
583,T24,411,USED_TERMINAL
583,T37,432,USED_TERMINAL
583,T47,418,USED_TERMINAL
583,T153,472,USED_TERMINAL
583,T180,427,USED_TERMINAL
584,T59,697,USED_TERMINAL
584,T91,682,USED_TERMINAL
584,T167,711,USED_TERMINAL
584,T174,667,USED_TERMINAL
584,T189,704,USED_TERMINAL
585,T2,322,USED_TERMINAL
585,T9,308,USED_TERMINAL
585,T55,303,USED_TERMINAL
585,T61,306,USED_TERMINAL
585,T71,293,USED_TERMINAL
585,T72,302,USED_TERMINAL
585,T98,323,USED_TERMINAL
585,T106,307,USED_TERMINAL
586,T10,82,USED_TERMINAL
586,T12,66,USED_TERMINAL
586,T58,99,USED_TERMINAL
586,T97,79,USED_TERMINAL
586,T104,62,USED_TERMINAL
586,T114,83,USED_TERMINAL
586,T140,92,USED_TERMINAL
586,T150,87,USED_TERMINAL
586,T155,90,USED_TERMINAL
586,T170,85,USED_TERMINAL
586,T171,97,USED_TERMINAL
586,T179,88,USED_TERMINAL
587,T27,273,USED_TERMINAL
587,T148,269,USED_TERMINAL
587,T185,310,USED_TERMINAL
588,T47,656,USED_TERMINAL
588,T76,638,USED_TERMINAL
589,T12,151,USED_TERMINAL
589,T97,170,USED_TERMINAL
589,T104,165,USED_TERMINAL
589,T140,148,USED_TERMINAL
589,T155,144,USED_TERMINAL
589,T170,158,USED_TERMINAL
590,T11,145,USED_TERMINAL
590,T21,159,USED_TERMINAL
590,T73,133,USED_TERMINAL
590,T77,148,USED_TERMINAL
590,T92,153,USED_TERMINAL
590,T139,153,USED_TERMINAL
590,T142,143,USED_TERMINAL
590,T159,139,USED_TERMINAL
590,T195,140,USED_TERMINAL
590,T198,149,USED_TERMINAL
591,T4,108,USED_TERMINAL
591,T8,119,USED_TERMINAL
591,T46,125,USED_TERMINAL
591,T115,121,USED_TERMINAL
591,T117,133,USED_TERMINAL
591,T160,123,USED_TERMINAL
591,T190,120,USED_TERMINAL
591,T199,118,USED_TERMINAL
592,T47,100,USED_TERMINAL
592,T135,108,USED_TERMINAL
592,T153,104,USED_TERMINAL
592,T176,93,USED_TERMINAL
593,T42,221,USED_TERMINAL
593,T105,193,USED_TERMINAL
593,T112,203,USED_TERMINAL
593,T120,207,USED_TERMINAL
593,T126,225,USED_TERMINAL
593,T139,215,USED_TERMINAL
593,T168,196,USED_TERMINAL
594,T20,423,USED_TERMINAL
594,T56,398,USED_TERMINAL
594,T69,429,USED_TERMINAL
594,T101,437,USED_TERMINAL
594,T137,447,USED_TERMINAL
594,T182,392,USED_TERMINAL
594,T188,457,USED_TERMINAL
595,T15,94,USED_TERMINAL
595,T22,90,USED_TERMINAL
595,T30,78,USED_TERMINAL
595,T83,101,USED_TERMINAL
595,T107,87,USED_TERMINAL
595,T123,94,USED_TERMINAL
595,T138,88,USED_TERMINAL
595,T152,100,USED_TERMINAL
595,T157,98,USED_TERMINAL
595,T194,108,USED_TERMINAL
596,T3,468,USED_TERMINAL
596,T15,437,USED_TERMINAL
596,T22,448,USED_TERMINAL
596,T30,462,USED_TERMINAL
596,T64,450,USED_TERMINAL
596,T89,465,USED_TERMINAL
596,T110,507,USED_TERMINAL
596,T138,440,USED_TERMINAL
597,T50,596,USED_TERMINAL
597,T80,568,USED_TERMINAL
597,T138,645,USED_TERMINAL
597,T157,597,USED_TERMINAL
597,T166,619,USED_TERMINAL
598,T17,104,USED_TERMINAL
598,T41,92,USED_TERMINAL
598,T67,102,USED_TERMINAL
598,T88,86,USED_TERMINAL
598,T116,105,USED_TERMINAL
598,T141,101,USED_TERMINAL
598,T158,112,USED_TERMINAL
599,T3,204,USED_TERMINAL
599,T15,199,USED_TERMINAL
599,T22,227,USED_TERMINAL
599,T30,184,USED_TERMINAL
599,T80,200,USED_TERMINAL
599,T107,212,USED_TERMINAL
599,T138,210,USED_TERMINAL
599,T152,207,USED_TERMINAL
599,T157,192,USED_TERMINAL
599,T166,237,USED_TERMINAL
600,T12,231,USED_TERMINAL
600,T69,266,USED_TERMINAL
600,T79,255,USED_TERMINAL
600,T104,213,USED_TERMINAL
600,T114,225,USED_TERMINAL
600,T140,236,USED_TERMINAL
600,T150,246,USED_TERMINAL
600,T155,240,USED_TERMINAL
600,T171,243,USED_TERMINAL
601,T54,349,USED_TERMINAL
601,T65,350,USED_TERMINAL
601,T94,336,USED_TERMINAL
601,T99,301,USED_TERMINAL
601,T113,355,USED_TERMINAL
601,T124,365,USED_TERMINAL
602,T2,356,USED_TERMINAL
602,T55,356,USED_TERMINAL
602,T82,359,USED_TERMINAL
602,T95,381,USED_TERMINAL
602,T106,374,USED_TERMINAL
602,T156,370,USED_TERMINAL
602,T161,364,USED_TERMINAL
602,T196,344,USED_TERMINAL
603,T91,38,USED_TERMINAL
603,T109,48,USED_TERMINAL
603,T167,48,USED_TERMINAL
603,T174,40,USED_TERMINAL
604,T24,159,USED_TERMINAL
604,T26,154,USED_TERMINAL
604,T55,137,USED_TERMINAL
604,T106,157,USED_TERMINAL
604,T156,146,USED_TERMINAL
604,T161,134,USED_TERMINAL
604,T176,154,USED_TERMINAL
604,T180,164,USED_TERMINAL
604,T192,173,USED_TERMINAL
605,T42,638,USED_TERMINAL
605,T85,711,USED_TERMINAL
605,T112,734,USED_TERMINAL
605,T120,681,USED_TERMINAL
605,T126,709,USED_TERMINAL
606,T36,246,USED_TERMINAL
606,T73,214,USED_TERMINAL
606,T77,205,USED_TERMINAL
606,T92,213,USED_TERMINAL
606,T111,201,USED_TERMINAL
606,T165,231,USED_TERMINAL
606,T186,223,USED_TERMINAL
606,T195,224,USED_TERMINAL
607,T19,57,USED_TERMINAL
607,T57,63,USED_TERMINAL
608,T20,855,USED_TERMINAL
608,T56,891,USED_TERMINAL
608,T69,868,USED_TERMINAL
608,T79,878,USED_TERMINAL
609,T134,1176,USED_TERMINAL
609,T138,1305,USED_TERMINAL
610,T15,556,USED_TERMINAL
610,T22,525,USED_TERMINAL
610,T32,524,USED_TERMINAL
610,T83,519,USED_TERMINAL
610,T123,542,USED_TERMINAL
610,T194,558,USED_TERMINAL
611,T36,281,USED_TERMINAL
611,T57,324,USED_TERMINAL
611,T73,302,USED_TERMINAL
611,T111,337,USED_TERMINAL
611,T165,329,USED_TERMINAL
611,T186,300,USED_TERMINAL
611,T195,316,USED_TERMINAL
612,T28,249,USED_TERMINAL
612,T66,264,USED_TERMINAL
612,T70,234,USED_TERMINAL
612,T74,252,USED_TERMINAL
612,T121,265,USED_TERMINAL
612,T184,232,USED_TERMINAL
613,T23,247,USED_TERMINAL
613,T38,248,USED_TERMINAL
613,T51,251,USED_TERMINAL
613,T68,280,USED_TERMINAL
613,T116,259,USED_TERMINAL
613,T132,275,USED_TERMINAL
614,T23,672,USED_TERMINAL
614,T67,723,USED_TERMINAL
614,T116,722,USED_TERMINAL
614,T132,743,USED_TERMINAL
615,T4,490,USED_TERMINAL
615,T5,456,USED_TERMINAL
615,T8,490,USED_TERMINAL
615,T46,451,USED_TERMINAL
615,T115,475,USED_TERMINAL
615,T117,455,USED_TERMINAL
615,T160,470,USED_TERMINAL
615,T190,446,USED_TERMINAL
616,T34,117,USED_TERMINAL
616,T40,117,USED_TERMINAL
616,T48,110,USED_TERMINAL
616,T52,125,USED_TERMINAL
616,T56,91,USED_TERMINAL
616,T62,96,USED_TERMINAL
616,T100,117,USED_TERMINAL
616,T101,123,USED_TERMINAL
616,T122,113,USED_TERMINAL
616,T169,109,USED_TERMINAL
616,T181,126,USED_TERMINAL
616,T182,107,USED_TERMINAL
616,T188,109,USED_TERMINAL
617,T20,290,USED_TERMINAL
617,T52,328,USED_TERMINAL
617,T56,265,USED_TERMINAL
617,T101,282,USED_TERMINAL
617,T137,275,USED_TERMINAL
617,T182,313,USED_TERMINAL
618,T16,388,USED_TERMINAL
618,T34,396,USED_TERMINAL
618,T48,396,USED_TERMINAL
618,T100,398,USED_TERMINAL
618,T181,394,USED_TERMINAL
618,T183,400,USED_TERMINAL
619,T24,334,USED_TERMINAL
619,T95,314,USED_TERMINAL
619,T147,308,USED_TERMINAL
619,T156,276,USED_TERMINAL
619,T161,285,USED_TERMINAL
619,T180,288,USED_TERMINAL
619,T196,308,USED_TERMINAL
620,T32,648,USED_TERMINAL
620,T49,641,USED_TERMINAL
620,T83,652,USED_TERMINAL
620,T118,610,USED_TERMINAL
620,T194,618,USED_TERMINAL
621,T4,431,USED_TERMINAL
621,T8,367,USED_TERMINAL
621,T46,384,USED_TERMINAL
621,T102,391,USED_TERMINAL
621,T115,351,USED_TERMINAL
621,T117,403,USED_TERMINAL
621,T160,434,USED_TERMINAL
621,T190,363,USED_TERMINAL
621,T199,379,USED_TERMINAL
622,T4,18,USED_TERMINAL
622,T5,14,USED_TERMINAL
622,T8,20,USED_TERMINAL
622,T46,14,USED_TERMINAL
622,T50,22,USED_TERMINAL
622,T115,14,USED_TERMINAL
622,T129,14,USED_TERMINAL
622,T160,17,USED_TERMINAL
622,T190,14,USED_TERMINAL
623,T41,258,USED_TERMINAL
623,T51,246,USED_TERMINAL
623,T68,251,USED_TERMINAL
623,T116,258,USED_TERMINAL
623,T132,231,USED_TERMINAL
623,T178,271,USED_TERMINAL
623,T193,261,USED_TERMINAL
624,T39,606,USED_TERMINAL
624,T96,612,USED_TERMINAL
624,T131,675,USED_TERMINAL
624,T175,663,USED_TERMINAL
625,T23,586,USED_TERMINAL
625,T67,604,USED_TERMINAL
625,T116,610,USED_TERMINAL
625,T132,620,USED_TERMINAL
626,T23,291,USED_TERMINAL
626,T38,303,USED_TERMINAL
626,T149,319,USED_TERMINAL
626,T191,298,USED_TERMINAL
627,T11,261,USED_TERMINAL
627,T21,248,USED_TERMINAL
627,T73,231,USED_TERMINAL
627,T77,272,USED_TERMINAL
627,T92,256,USED_TERMINAL
627,T139,268,USED_TERMINAL
627,T142,258,USED_TERMINAL
627,T159,279,USED_TERMINAL
627,T186,246,USED_TERMINAL
627,T195,272,USED_TERMINAL
628,T6,196,USED_TERMINAL
628,T14,250,USED_TERMINAL
628,T21,247,USED_TERMINAL
628,T36,230,USED_TERMINAL
628,T42,212,USED_TERMINAL
628,T92,243,USED_TERMINAL
628,T142,229,USED_TERMINAL
628,T159,226,USED_TERMINAL
628,T195,223,USED_TERMINAL
629,T31,134,USED_TERMINAL
629,T33,138,USED_TERMINAL
629,T84,145,USED_TERMINAL
629,T103,126,USED_TERMINAL
629,T133,135,USED_TERMINAL
629,T136,142,USED_TERMINAL
629,T146,162,USED_TERMINAL
629,T151,137,USED_TERMINAL
630,T24,496,USED_TERMINAL
630,T37,463,USED_TERMINAL
630,T153,501,USED_TERMINAL
630,T156,458,USED_TERMINAL
630,T176,470,USED_TERMINAL
630,T180,453,USED_TERMINAL
630,T192,423,USED_TERMINAL
631,T134,417,USED_TERMINAL
631,T135,420,USED_TERMINAL
632,T27,369,USED_TERMINAL
632,T28,423,USED_TERMINAL
632,T66,409,USED_TERMINAL
632,T70,369,USED_TERMINAL
632,T74,421,USED_TERMINAL
632,T184,370,USED_TERMINAL
633,T33,561,USED_TERMINAL
633,T44,594,USED_TERMINAL
633,T84,536,USED_TERMINAL
633,T103,523,USED_TERMINAL
633,T128,571,USED_TERMINAL
633,T151,576,USED_TERMINAL
633,T173,543,USED_TERMINAL
634,T31,93,USED_TERMINAL
634,T68,94,USED_TERMINAL
634,T133,100,USED_TERMINAL
634,T178,110,USED_TERMINAL
634,T193,86,USED_TERMINAL
635,T33,530,USED_TERMINAL
635,T84,523,USED_TERMINAL
635,T103,565,USED_TERMINAL
635,T133,566,USED_TERMINAL
635,T151,576,USED_TERMINAL
635,T173,553,USED_TERMINAL
635,T193,586,USED_TERMINAL
636,T4,364,USED_TERMINAL
636,T8,328,USED_TERMINAL
636,T11,295,USED_TERMINAL
636,T50,328,USED_TERMINAL
636,T129,332,USED_TERMINAL
636,T160,301,USED_TERMINAL
637,T14,553,USED_TERMINAL
637,T36,577,USED_TERMINAL
637,T57,537,USED_TERMINAL
637,T111,486,USED_TERMINAL
637,T165,528,USED_TERMINAL
637,T186,573,USED_TERMINAL
637,T195,541,USED_TERMINAL
638,T12,303,USED_TERMINAL
638,T79,332,USED_TERMINAL
638,T97,315,USED_TERMINAL
638,T104,306,USED_TERMINAL
638,T114,313,USED_TERMINAL
638,T140,289,USED_TERMINAL
638,T150,272,USED_TERMINAL
638,T155,291,USED_TERMINAL
638,T170,294,USED_TERMINAL
638,T171,312,USED_TERMINAL
639,T16,11,USED_TERMINAL
639,T34,16,USED_TERMINAL
639,T48,14,USED_TERMINAL
639,T100,7,USED_TERMINAL
639,T181,7,USED_TERMINAL
639,T183,9,USED_TERMINAL
640,T18,146,USED_TERMINAL
640,T58,201,USED_TERMINAL
640,T81,150,USED_TERMINAL
640,T96,183,USED_TERMINAL
640,T124,152,USED_TERMINAL
640,T127,169,USED_TERMINAL
640,T130,179,USED_TERMINAL
641,T27,329,USED_TERMINAL
641,T66,302,USED_TERMINAL
641,T70,351,USED_TERMINAL
641,T74,350,USED_TERMINAL
641,T184,323,USED_TERMINAL
642,T3,1263,USED_TERMINAL
642,T80,1254,USED_TERMINAL
642,T138,1277,USED_TERMINAL
643,T35,112,USED_TERMINAL
643,T149,122,USED_TERMINAL
643,T191,96,USED_TERMINAL
644,T28,542,USED_TERMINAL
644,T70,557,USED_TERMINAL
644,T76,582,USED_TERMINAL
644,T121,584,USED_TERMINAL
644,T184,590,USED_TERMINAL
645,T0,900,USED_TERMINAL
645,T119,829,USED_TERMINAL
645,T139,876,USED_TERMINAL
645,T198,860,USED_TERMINAL
646,T63,141,USED_TERMINAL
646,T81,156,USED_TERMINAL
646,T87,165,USED_TERMINAL
646,T113,131,USED_TERMINAL
646,T127,136,USED_TERMINAL
646,T143,159,USED_TERMINAL
646,T144,156,USED_TERMINAL
646,T145,144,USED_TERMINAL
646,T197,141,USED_TERMINAL
647,T102,692,USED_TERMINAL
647,T134,640,USED_TERMINAL
647,T135,641,USED_TERMINAL
648,T14,281,USED_TERMINAL
648,T36,222,USED_TERMINAL
648,T45,247,USED_TERMINAL
648,T53,254,USED_TERMINAL
648,T75,264,USED_TERMINAL
648,T108,250,USED_TERMINAL
648,T111,251,USED_TERMINAL
649,T24,438,USED_TERMINAL
649,T95,414,USED_TERMINAL
649,T153,491,USED_TERMINAL
649,T156,451,USED_TERMINAL
649,T161,486,USED_TERMINAL
649,T180,434,USED_TERMINAL
650,T78,711,USED_TERMINAL
650,T93,778,USED_TERMINAL
650,T163,751,USED_TERMINAL
650,T172,766,USED_TERMINAL
651,T7,423,USED_TERMINAL
651,T19,426,USED_TERMINAL
651,T25,423,USED_TERMINAL
651,T57,407,USED_TERMINAL
651,T163,380,USED_TERMINAL
651,T165,449,USED_TERMINAL
651,T172,453,USED_TERMINAL
651,T186,367,USED_TERMINAL
652,T115,732,USED_TERMINAL
652,T146,762,USED_TERMINAL
652,T162,750,USED_TERMINAL
652,T199,814,USED_TERMINAL
653,T86,604,USED_TERMINAL
653,T154,579,USED_TERMINAL
653,T177,577,USED_TERMINAL
654,T15,163,USED_TERMINAL
654,T22,175,USED_TERMINAL
654,T30,171,USED_TERMINAL
654,T32,172,USED_TERMINAL
654,T83,166,USED_TERMINAL
654,T89,160,USED_TERMINAL
654,T107,175,USED_TERMINAL
654,T123,196,USED_TERMINAL
654,T152,165,USED_TERMINAL
654,T194,186,USED_TERMINAL
655,T7,532,USED_TERMINAL
655,T25,549,USED_TERMINAL
655,T32,504,USED_TERMINAL
655,T49,539,USED_TERMINAL
655,T118,523,USED_TERMINAL
655,T172,500,USED_TERMINAL
656,T63,210,USED_TERMINAL
656,T65,228,USED_TERMINAL
656,T81,195,USED_TERMINAL
656,T94,199,USED_TERMINAL
656,T99,212,USED_TERMINAL
656,T113,229,USED_TERMINAL
656,T124,218,USED_TERMINAL
656,T127,203,USED_TERMINAL
656,T197,217,USED_TERMINAL
657,T29,31,USED_TERMINAL
657,T87,26,USED_TERMINAL
657,T127,34,USED_TERMINAL
657,T143,28,USED_TERMINAL
657,T144,36,USED_TERMINAL
657,T145,30,USED_TERMINAL
657,T164,29,USED_TERMINAL
658,T31,754,USED_TERMINAL
658,T68,724,USED_TERMINAL
658,T178,721,USED_TERMINAL
658,T193,756,USED_TERMINAL
659,T28,65,USED_TERMINAL
659,T70,69,USED_TERMINAL
659,T76,57,USED_TERMINAL
659,T121,49,USED_TERMINAL
659,T184,70,USED_TERMINAL
660,T54,359,USED_TERMINAL
660,T58,399,USED_TERMINAL
660,T99,370,USED_TERMINAL
660,T124,388,USED_TERMINAL
661,T86,213,USED_TERMINAL
661,T88,229,USED_TERMINAL
661,T141,223,USED_TERMINAL
661,T154,235,USED_TERMINAL
661,T177,204,USED_TERMINAL
662,T17,311,USED_TERMINAL
662,T41,350,USED_TERMINAL
662,T67,308,USED_TERMINAL
662,T88,320,USED_TERMINAL
662,T116,334,USED_TERMINAL
662,T141,281,USED_TERMINAL
662,T158,328,USED_TERMINAL
662,T189,323,USED_TERMINAL
663,T13,225,USED_TERMINAL
663,T60,200,USED_TERMINAL
663,T72,203,USED_TERMINAL
663,T82,238,USED_TERMINAL
664,T24,352,USED_TERMINAL
664,T37,338,USED_TERMINAL
664,T47,338,USED_TERMINAL
664,T153,357,USED_TERMINAL
664,T176,336,USED_TERMINAL
664,T180,379,USED_TERMINAL
664,T192,379,USED_TERMINAL
665,T8,299,USED_TERMINAL
665,T46,259,USED_TERMINAL
665,T115,301,USED_TERMINAL
665,T117,323,USED_TERMINAL
665,T128,316,USED_TERMINAL
665,T162,312,USED_TERMINAL
665,T190,335,USED_TERMINAL
665,T199,317,USED_TERMINAL
666,T37,473,USED_TERMINAL
666,T47,490,USED_TERMINAL
666,T153,470,USED_TERMINAL
667,T31,573,USED_TERMINAL
667,T41,656,USED_TERMINAL
667,T68,586,USED_TERMINAL
667,T178,580,USED_TERMINAL
667,T193,605,USED_TERMINAL
668,T43,768,USED_TERMINAL
668,T94,813,USED_TERMINAL
668,T105,795,USED_TERMINAL
668,T126,792,USED_TERMINAL
669,T38,1324,USED_TERMINAL
669,T51,1283,USED_TERMINAL
670,T54,214,USED_TERMINAL
670,T58,214,USED_TERMINAL
670,T65,239,USED_TERMINAL
670,T99,213,USED_TERMINAL
670,T124,216,USED_TERMINAL
671,T20,731,USED_TERMINAL
671,T69,739,USED_TERMINAL
671,T79,745,USED_TERMINAL
672,T17,424,USED_TERMINAL
672,T31,440,USED_TERMINAL
672,T41,453,USED_TERMINAL
672,T68,437,USED_TERMINAL
672,T116,474,USED_TERMINAL
673,T0,258,USED_TERMINAL
673,T5,248,USED_TERMINAL
673,T87,244,USED_TERMINAL
673,T119,247,USED_TERMINAL
673,T143,251,USED_TERMINAL
673,T145,256,USED_TERMINAL
673,T198,239,USED_TERMINAL
674,T4,46,USED_TERMINAL
674,T8,47,USED_TERMINAL
674,T11,56,USED_TERMINAL
674,T50,48,USED_TERMINAL
674,T129,41,USED_TERMINAL
674,T160,49,USED_TERMINAL
675,T73,326,USED_TERMINAL
675,T78,316,USED_TERMINAL
675,T93,304,USED_TERMINAL
675,T163,336,USED_TERMINAL
675,T165,340,USED_TERMINAL
675,T172,317,USED_TERMINAL
675,T186,318,USED_TERMINAL
676,T16,538,USED_TERMINAL
676,T34,512,USED_TERMINAL
676,T100,530,USED_TERMINAL
676,T181,572,USED_TERMINAL
676,T183,526,USED_TERMINAL
677,T33,500,USED_TERMINAL
677,T44,544,USED_TERMINAL
677,T84,477,USED_TERMINAL
677,T103,511,USED_TERMINAL
677,T128,538,USED_TERMINAL
677,T151,496,USED_TERMINAL
677,T164,493,USED_TERMINAL
678,T2,139,USED_TERMINAL
678,T13,127,USED_TERMINAL
678,T55,126,USED_TERMINAL
678,T71,133,USED_TERMINAL
678,T72,141,USED_TERMINAL
678,T82,119,USED_TERMINAL
678,T106,120,USED_TERMINAL
679,T29,321,USED_TERMINAL
679,T44,328,USED_TERMINAL
679,T84,323,USED_TERMINAL
679,T103,301,USED_TERMINAL
679,T128,318,USED_TERMINAL
679,T164,305,USED_TERMINAL
680,T102,393,USED_TERMINAL
680,T115,358,USED_TERMINAL
680,T146,376,USED_TERMINAL
680,T162,388,USED_TERMINAL
680,T199,382,USED_TERMINAL
681,T59,842,USED_TERMINAL
681,T67,812,USED_TERMINAL
681,T158,820,USED_TERMINAL
681,T189,796,USED_TERMINAL
682,T15,99,USED_TERMINAL
682,T22,73,USED_TERMINAL
682,T30,78,USED_TERMINAL
682,T80,74,USED_TERMINAL
682,T107,80,USED_TERMINAL
682,T138,67,USED_TERMINAL
682,T152,82,USED_TERMINAL
682,T157,73,USED_TERMINAL
682,T166,76,USED_TERMINAL
683,T59,371,USED_TERMINAL
683,T91,409,USED_TERMINAL
683,T109,348,USED_TERMINAL
683,T167,369,USED_TERMINAL
683,T174,339,USED_TERMINAL
684,T24,268,USED_TERMINAL
684,T37,253,USED_TERMINAL
684,T95,291,USED_TERMINAL
684,T147,284,USED_TERMINAL
684,T148,325,USED_TERMINAL
684,T156,309,USED_TERMINAL
684,T180,254,USED_TERMINAL
684,T185,304,USED_TERMINAL
684,T196,256,USED_TERMINAL
685,T1,366,USED_TERMINAL
685,T3,360,USED_TERMINAL
685,T61,346,USED_TERMINAL
685,T64,354,USED_TERMINAL
685,T89,364,USED_TERMINAL
685,T110,348,USED_TERMINAL
685,T187,362,USED_TERMINAL
686,T2,127,USED_TERMINAL
686,T9,138,USED_TERMINAL
686,T24,130,USED_TERMINAL
686,T55,129,USED_TERMINAL
686,T106,152,USED_TERMINAL
686,T156,144,USED_TERMINAL
686,T161,142,USED_TERMINAL
686,T180,111,USED_TERMINAL
687,T45,482,USED_TERMINAL
688,T102,148,USED_TERMINAL
688,T134,192,USED_TERMINAL
688,T162,154,USED_TERMINAL
689,T2,213,USED_TERMINAL
689,T13,240,USED_TERMINAL
689,T55,212,USED_TERMINAL
689,T60,254,USED_TERMINAL
689,T71,233,USED_TERMINAL
689,T72,227,USED_TERMINAL
689,T82,219,USED_TERMINAL
689,T106,250,USED_TERMINAL
690,T78,131,USED_TERMINAL
690,T93,176,USED_TERMINAL
690,T107,155,USED_TERMINAL
690,T163,139,USED_TERMINAL
690,T172,178,USED_TERMINAL
691,T17,354,USED_TERMINAL
691,T86,316,USED_TERMINAL
691,T136,360,USED_TERMINAL
691,T141,292,USED_TERMINAL
691,T154,325,USED_TERMINAL
691,T177,305,USED_TERMINAL
692,T24,87,USED_TERMINAL
692,T26,94,USED_TERMINAL
692,T153,94,USED_TERMINAL
692,T176,129,USED_TERMINAL
692,T180,108,USED_TERMINAL
692,T192,111,USED_TERMINAL
693,T138,786,USED_TERMINAL
694,T17,439,USED_TERMINAL
694,T41,437,USED_TERMINAL
694,T68,439,USED_TERMINAL
694,T116,394,USED_TERMINAL
694,T132,414,USED_TERMINAL
695,T3,154,USED_TERMINAL
695,T15,148,USED_TERMINAL
695,T22,163,USED_TERMINAL
695,T30,164,USED_TERMINAL
695,T64,163,USED_TERMINAL
695,T89,155,USED_TERMINAL
695,T110,150,USED_TERMINAL
695,T123,167,USED_TERMINAL
695,T187,148,USED_TERMINAL
696,T33,415,USED_TERMINAL
696,T84,373,USED_TERMINAL
696,T103,339,USED_TERMINAL
696,T133,366,USED_TERMINAL
696,T136,367,USED_TERMINAL
696,T146,345,USED_TERMINAL
696,T151,362,USED_TERMINAL
697,T35,871,USED_TERMINAL
697,T109,917,USED_TERMINAL
697,T174,893,USED_TERMINAL
698,T35,895,USED_TERMINAL
698,T109,974,USED_TERMINAL
698,T174,907,USED_TERMINAL
699,T7,456,USED_TERMINAL
699,T19,407,USED_TERMINAL
699,T25,469,USED_TERMINAL
699,T57,402,USED_TERMINAL
700,T47,367,USED_TERMINAL
700,T135,396,USED_TERMINAL
701,T79,956,USED_TERMINAL
701,T97,920,USED_TERMINAL
701,T104,935,USED_TERMINAL
701,T155,934,USED_TERMINAL
702,T47,1137,USED_TERMINAL
702,T135,1179,USED_TERMINAL
702,T153,1220,USED_TERMINAL
703,T23,607,USED_TERMINAL
703,T38,656,USED_TERMINAL
704,T3,42,USED_TERMINAL
704,T15,36,USED_TERMINAL
704,T22,39,USED_TERMINAL
704,T30,27,USED_TERMINAL
704,T83,53,USED_TERMINAL
704,T89,53,USED_TERMINAL
704,T110,48,USED_TERMINAL
704,T123,41,USED_TERMINAL
704,T138,29,USED_TERMINAL
704,T152,39,USED_TERMINAL
704,T187,50,USED_TERMINAL
705,T62,487,USED_TERMINAL
705,T169,494,USED_TERMINAL
705,T178,450,USED_TERMINAL
705,T181,481,USED_TERMINAL
705,T193,464,USED_TERMINAL
706,T41,250,USED_TERMINAL
706,T51,250,USED_TERMINAL
706,T67,273,USED_TERMINAL
706,T68,311,USED_TERMINAL
706,T116,302,USED_TERMINAL
706,T132,231,USED_TERMINAL
707,T20,11,USED_TERMINAL
707,T56,3,USED_TERMINAL
707,T79,13,USED_TERMINAL
707,T137,19,USED_TERMINAL
708,T28,397,USED_TERMINAL
708,T59,390,USED_TERMINAL
708,T76,411,USED_TERMINAL
708,T88,385,USED_TERMINAL
708,T90,386,USED_TERMINAL
708,T121,403,USED_TERMINAL
708,T141,413,USED_TERMINAL
708,T158,427,USED_TERMINAL
708,T189,426,USED_TERMINAL
709,T23,223,USED_TERMINAL
709,T149,198,USED_TERMINAL
709,T191,231,USED_TERMINAL
710,T63,776,USED_TERMINAL
710,T94,843,USED_TERMINAL
710,T119,821,USED_TERMINAL
710,T143,838,USED_TERMINAL
711,T11,123,USED_TERMINAL
711,T21,106,USED_TERMINAL
711,T73,121,USED_TERMINAL
711,T77,132,USED_TERMINAL
711,T92,124,USED_TERMINAL
711,T93,123,USED_TERMINAL
711,T165,132,USED_TERMINAL
711,T186,107,USED_TERMINAL
711,T195,113,USED_TERMINAL
712,T17,535,USED_TERMINAL
712,T31,510,USED_TERMINAL
712,T41,525,USED_TERMINAL
712,T133,554,USED_TERMINAL
712,T136,526,USED_TERMINAL
712,T177,490,USED_TERMINAL
712,T193,529,USED_TERMINAL
713,T24,192,USED_TERMINAL
713,T37,182,USED_TERMINAL
713,T95,185,USED_TERMINAL
713,T147,187,USED_TERMINAL
713,T148,167,USED_TERMINAL
713,T156,201,USED_TERMINAL
713,T180,200,USED_TERMINAL
713,T185,180,USED_TERMINAL
713,T196,211,USED_TERMINAL
714,T10,549,USED_TERMINAL
714,T54,506,USED_TERMINAL
714,T58,483,USED_TERMINAL
714,T124,514,USED_TERMINAL
714,T130,541,USED_TERMINAL
714,T150,509,USED_TERMINAL
714,T179,578,USED_TERMINAL
715,T0,32,USED_TERMINAL
715,T5,23,USED_TERMINAL
715,T87,42,USED_TERMINAL
715,T119,31,USED_TERMINAL
715,T143,24,USED_TERMINAL
715,T144,35,USED_TERMINAL
715,T145,27,USED_TERMINAL
715,T164,25,USED_TERMINAL
715,T198,34,USED_TERMINAL
716,T0,622,USED_TERMINAL
716,T5,632,USED_TERMINAL
716,T11,643,USED_TERMINAL
716,T160,671,USED_TERMINAL
716,T198,633,USED_TERMINAL
717,T67,810,USED_TERMINAL
717,T116,753,USED_TERMINAL
717,T158,773,USED_TERMINAL
717,T189,830,USED_TERMINAL
718,T3,604,USED_TERMINAL
718,T26,617,USED_TERMINAL
718,T110,640,USED_TERMINAL
718,T176,642,USED_TERMINAL
718,T192,604,USED_TERMINAL
719,T13,432,USED_TERMINAL
719,T60,426,USED_TERMINAL
719,T71,358,USED_TERMINAL
719,T72,374,USED_TERMINAL
720,T17,326,USED_TERMINAL
720,T76,321,USED_TERMINAL
720,T88,341,USED_TERMINAL
720,T90,335,USED_TERMINAL
720,T121,324,USED_TERMINAL
720,T141,336,USED_TERMINAL
720,T154,347,USED_TERMINAL
720,T177,329,USED_TERMINAL
720,T189,377,USED_TERMINAL
721,T19,732,USED_TERMINAL
721,T36,742,USED_TERMINAL
721,T57,733,USED_TERMINAL
721,T111,717,USED_TERMINAL
721,T165,742,USED_TERMINAL
722,T59,265,USED_TERMINAL
722,T91,296,USED_TERMINAL
722,T158,283,USED_TERMINAL
722,T189,278,USED_TERMINAL
723,T20,541,USED_TERMINAL
723,T56,527,USED_TERMINAL
723,T101,509,USED_TERMINAL
723,T137,518,USED_TERMINAL
723,T182,535,USED_TERMINAL
724,T134,640,USED_TERMINAL
724,T135,663,USED_TERMINAL
725,T15,390,USED_TERMINAL
725,T22,347,USED_TERMINAL
725,T30,402,USED_TERMINAL
725,T83,361,USED_TERMINAL
725,T89,334,USED_TERMINAL
725,T123,390,USED_TERMINAL
725,T187,341,USED_TERMINAL
726,T35,733,USED_TERMINAL
726,T149,766,USED_TERMINAL
727,T134,547,USED_TERMINAL
727,T162,436,USED_TERMINAL
728,T91,29,USED_TERMINAL
728,T109,20,USED_TERMINAL
728,T167,24,USED_TERMINAL
728,T174,22,USED_TERMINAL
729,T34,299,USED_TERMINAL
729,T40,301,USED_TERMINAL
729,T48,318,USED_TERMINAL
729,T52,311,USED_TERMINAL
729,T62,326,USED_TERMINAL
729,T101,282,USED_TERMINAL
729,T122,297,USED_TERMINAL
729,T169,296,USED_TERMINAL
729,T181,314,USED_TERMINAL
729,T188,301,USED_TERMINAL
730,T12,3,USED_TERMINAL
730,T79,3,USED_TERMINAL
730,T97,4,USED_TERMINAL
730,T104,2,USED_TERMINAL
730,T140,4,USED_TERMINAL
730,T155,6,USED_TERMINAL
731,T76,171,USED_TERMINAL
731,T88,153,USED_TERMINAL
731,T90,182,USED_TERMINAL
731,T121,173,USED_TERMINAL
731,T141,174,USED_TERMINAL
731,T154,209,USED_TERMINAL
731,T177,180,USED_TERMINAL
732,T15,413,USED_TERMINAL
732,T22,471,USED_TERMINAL
732,T30,421,USED_TERMINAL
732,T80,485,USED_TERMINAL
732,T83,443,USED_TERMINAL
732,T107,441,USED_TERMINAL
732,T138,434,USED_TERMINAL
732,T152,433,USED_TERMINAL
732,T157,422,USED_TERMINAL
733,T1,441,USED_TERMINAL
733,T61,444,USED_TERMINAL
733,T64,434,USED_TERMINAL
733,T89,410,USED_TERMINAL
733,T98,442,USED_TERMINAL
733,T187,451,USED_TERMINAL
734,T40,235,USED_TERMINAL
734,T52,262,USED_TERMINAL
734,T69,242,USED_TERMINAL
734,T101,205,USED_TERMINAL
734,T122,252,USED_TERMINAL
734,T131,243,USED_TERMINAL
734,T175,219,USED_TERMINAL
734,T188,248,USED_TERMINAL
735,T6,40,USED_TERMINAL
735,T14,50,USED_TERMINAL
735,T21,38,USED_TERMINAL
735,T36,40,USED_TERMINAL
735,T73,46,USED_TERMINAL
735,T77,42,USED_TERMINAL
735,T92,33,USED_TERMINAL
735,T111,40,USED_TERMINAL
735,T142,34,USED_TERMINAL
735,T159,44,USED_TERMINAL
735,T165,39,USED_TERMINAL
735,T186,43,USED_TERMINAL
735,T195,46,USED_TERMINAL
736,T10,133,USED_TERMINAL
736,T12,138,USED_TERMINAL
736,T58,135,USED_TERMINAL
736,T114,165,USED_TERMINAL
736,T140,151,USED_TERMINAL
736,T150,134,USED_TERMINAL
736,T170,135,USED_TERMINAL
736,T179,148,USED_TERMINAL
737,T7,67,USED_TERMINAL
737,T25,82,USED_TERMINAL
737,T49,59,USED_TERMINAL
737,T57,82,USED_TERMINAL
737,T118,77,USED_TERMINAL
737,T163,93,USED_TERMINAL
737,T172,81,USED_TERMINAL
738,T27,911,USED_TERMINAL
738,T70,895,USED_TERMINAL
738,T184,850,USED_TERMINAL
739,T23,80,USED_TERMINAL
739,T38,73,USED_TERMINAL
739,T51,82,USED_TERMINAL
739,T68,70,USED_TERMINAL
739,T116,83,USED_TERMINAL
739,T132,91,USED_TERMINAL
740,T6,262,USED_TERMINAL
740,T14,309,USED_TERMINAL
740,T42,305,USED_TERMINAL
740,T92,294,USED_TERMINAL
740,T120,334,USED_TERMINAL
740,T142,320,USED_TERMINAL
740,T159,289,USED_TERMINAL
740,T168,299,USED_TERMINAL
741,T71,1727,USED_TERMINAL
741,T72,1810,USED_TERMINAL
742,T6,498,USED_TERMINAL
742,T14,527,USED_TERMINAL
742,T36,521,USED_TERMINAL
742,T111,489,USED_TERMINAL
742,T165,516,USED_TERMINAL
742,T195,551,USED_TERMINAL
743,T47,357,USED_TERMINAL
743,T135,374,USED_TERMINAL
743,T153,343,USED_TERMINAL
744,T63,940,USED_TERMINAL
744,T119,935,USED_TERMINAL
744,T143,898,USED_TERMINAL
744,T145,929,USED_TERMINAL
745,T27,923,USED_TERMINAL
745,T66,891,USED_TERMINAL
745,T74,894,USED_TERMINAL
746,T11,13,USED_TERMINAL
746,T73,22,USED_TERMINAL
746,T77,18,USED_TERMINAL
746,T93,30,USED_TERMINAL
746,T186,18,USED_TERMINAL
747,T62,373,USED_TERMINAL
747,T122,353,USED_TERMINAL
747,T151,357,USED_TERMINAL
747,T169,362,USED_TERMINAL
747,T173,357,USED_TERMINAL
748,T6,361,USED_TERMINAL
748,T21,346,USED_TERMINAL
748,T42,363,USED_TERMINAL
748,T92,366,USED_TERMINAL
748,T112,369,USED_TERMINAL
748,T120,388,USED_TERMINAL
748,T139,321,USED_TERMINAL
748,T142,401,USED_TERMINAL
748,T159,310,USED_TERMINAL
748,T168,343,USED_TERMINAL
749,T86,906,USED_TERMINAL
749,T154,877,USED_TERMINAL
749,T177,877,USED_TERMINAL
750,T0,337,USED_TERMINAL
750,T4,364,USED_TERMINAL
750,T5,358,USED_TERMINAL
750,T8,360,USED_TERMINAL
750,T46,410,USED_TERMINAL
750,T115,337,USED_TERMINAL
750,T117,353,USED_TERMINAL
750,T160,381,USED_TERMINAL
750,T190,374,USED_TERMINAL
751,T35,71,USED_TERMINAL
751,T67,87,USED_TERMINAL
751,T158,82,USED_TERMINAL
752,T73,447,USED_TERMINAL
752,T78,456,USED_TERMINAL
752,T93,463,USED_TERMINAL
752,T129,455,USED_TERMINAL
752,T163,481,USED_TERMINAL
753,T50,70,USED_TERMINAL
753,T80,69,USED_TERMINAL
753,T102,71,USED_TERMINAL
753,T134,65,USED_TERMINAL
754,T43,373,USED_TERMINAL
754,T65,380,USED_TERMINAL
754,T94,370,USED_TERMINAL
755,T38,1154,USED_TERMINAL
755,T51,1244,USED_TERMINAL
756,T12,53,USED_TERMINAL
756,T79,34,USED_TERMINAL
756,T97,48,USED_TERMINAL
756,T104,49,USED_TERMINAL
756,T140,41,USED_TERMINAL
756,T155,49,USED_TERMINAL
756,T170,54,USED_TERMINAL
757,T10,279,USED_TERMINAL
757,T12,266,USED_TERMINAL
757,T58,230,USED_TERMINAL
757,T114,249,USED_TERMINAL
757,T130,268,USED_TERMINAL
757,T140,275,USED_TERMINAL
757,T150,292,USED_TERMINAL
757,T170,287,USED_TERMINAL
757,T171,261,USED_TERMINAL
757,T179,270,USED_TERMINAL
758,T9,460,USED_TERMINAL
758,T61,483,USED_TERMINAL
758,T64,475,USED_TERMINAL
758,T71,437,USED_TERMINAL
758,T98,505,USED_TERMINAL
759,T2,407,USED_TERMINAL
759,T55,377,USED_TERMINAL
759,T82,386,USED_TERMINAL
759,T95,370,USED_TERMINAL
759,T106,377,USED_TERMINAL
759,T156,361,USED_TERMINAL
759,T161,369,USED_TERMINAL
760,T86,369,USED_TERMINAL
760,T154,342,USED_TERMINAL
760,T177,366,USED_TERMINAL
761,T50,267,USED_TERMINAL
761,T78,287,USED_TERMINAL
761,T80,290,USED_TERMINAL
761,T129,275,USED_TERMINAL
761,T157,296,USED_TERMINAL
761,T166,253,USED_TERMINAL
762,T22,165,USED_TERMINAL
762,T78,139,USED_TERMINAL
762,T80,143,USED_TERMINAL
762,T83,141,USED_TERMINAL
762,T107,148,USED_TERMINAL
762,T138,168,USED_TERMINAL
762,T152,156,USED_TERMINAL
762,T157,158,USED_TERMINAL
762,T166,160,USED_TERMINAL
762,T194,153,USED_TERMINAL
763,T10,192,USED_TERMINAL
763,T54,209,USED_TERMINAL
763,T58,255,USED_TERMINAL
763,T124,205,USED_TERMINAL
763,T130,245,USED_TERMINAL
763,T150,244,USED_TERMINAL
763,T179,222,USED_TERMINAL
764,T29,203,USED_TERMINAL
764,T81,167,USED_TERMINAL
764,T87,195,USED_TERMINAL
764,T127,167,USED_TERMINAL
764,T143,176,USED_TERMINAL
764,T144,200,USED_TERMINAL
764,T145,176,USED_TERMINAL
764,T197,161,USED_TERMINAL
765,T36,165,USED_TERMINAL
765,T57,153,USED_TERMINAL
765,T73,167,USED_TERMINAL
765,T111,134,USED_TERMINAL
765,T165,171,USED_TERMINAL
765,T172,151,USED_TERMINAL
765,T186,155,USED_TERMINAL
765,T195,171,USED_TERMINAL
766,T122,386,USED_TERMINAL
766,T131,397,USED_TERMINAL
766,T169,407,USED_TERMINAL
766,T173,385,USED_TERMINAL
767,T31,343,USED_TERMINAL
767,T41,345,USED_TERMINAL
767,T68,345,USED_TERMINAL
767,T133,383,USED_TERMINAL
767,T178,331,USED_TERMINAL
767,T193,342,USED_TERMINAL
768,T47,758,USED_TERMINAL
768,T135,764,USED_TERMINAL
769,T1,486,USED_TERMINAL
769,T15,483,USED_TERMINAL
769,T22,467,USED_TERMINAL
769,T30,476,USED_TERMINAL
769,T89,478,USED_TERMINAL
769,T123,477,USED_TERMINAL
769,T187,445,USED_TERMINAL
770,T67,313,USED_TERMINAL
770,T116,314,USED_TERMINAL
770,T158,293,USED_TERMINAL
771,T24,312,USED_TERMINAL
771,T95,363,USED_TERMINAL
771,T147,336,USED_TERMINAL
771,T148,368,USED_TERMINAL
771,T156,324,USED_TERMINAL
771,T180,342,USED_TERMINAL
771,T185,343,USED_TERMINAL
771,T196,299,USED_TERMINAL
772,T16,364,USED_TERMINAL
772,T34,375,USED_TERMINAL
772,T48,377,USED_TERMINAL
772,T62,390,USED_TERMINAL
772,T100,374,USED_TERMINAL
772,T169,389,USED_TERMINAL
772,T181,393,USED_TERMINAL
772,T183,375,USED_TERMINAL
773,T54,275,USED_TERMINAL
773,T65,267,USED_TERMINAL
773,T99,245,USED_TERMINAL
773,T124,271,USED_TERMINAL
774,T39,40,USED_TERMINAL
774,T69,54,USED_TERMINAL
774,T96,41,USED_TERMINAL
774,T122,43,USED_TERMINAL
774,T131,52,USED_TERMINAL
774,T175,47,USED_TERMINAL
774,T188,43,USED_TERMINAL
775,T6,283,USED_TERMINAL
775,T14,272,USED_TERMINAL
775,T21,291,USED_TERMINAL
775,T36,302,USED_TERMINAL
775,T73,290,USED_TERMINAL
775,T77,317,USED_TERMINAL
775,T92,299,USED_TERMINAL
775,T111,302,USED_TERMINAL
775,T142,308,USED_TERMINAL
775,T159,293,USED_TERMINAL
775,T165,293,USED_TERMINAL
775,T186,262,USED_TERMINAL
775,T195,291,USED_TERMINAL
776,T31,368,USED_TERMINAL
776,T33,358,USED_TERMINAL
776,T133,413,USED_TERMINAL
776,T136,420,USED_TERMINAL
776,T151,362,USED_TERMINAL
776,T193,412,USED_TERMINAL
777,T35,913,USED_TERMINAL
777,T149,848,USED_TERMINAL
777,T191,890,USED_TERMINAL
778,T6,67,USED_TERMINAL
778,T14,70,USED_TERMINAL
778,T21,72,USED_TERMINAL
778,T42,76,USED_TERMINAL
778,T92,71,USED_TERMINAL
778,T120,61,USED_TERMINAL
778,T142,75,USED_TERMINAL
778,T159,66,USED_TERMINAL
778,T168,69,USED_TERMINAL
778,T195,87,USED_TERMINAL
779,T7,148,USED_TERMINAL
779,T25,129,USED_TERMINAL
779,T32,160,USED_TERMINAL
779,T49,176,USED_TERMINAL
779,T118,146,USED_TERMINAL
779,T172,165,USED_TERMINAL
779,T194,125,USED_TERMINAL
780,T20,429,USED_TERMINAL
780,T56,510,USED_TERMINAL
780,T69,477,USED_TERMINAL
780,T137,479,USED_TERMINAL
780,T188,460,USED_TERMINAL
781,T28,265,USED_TERMINAL
781,T70,297,USED_TERMINAL
781,T76,275,USED_TERMINAL
781,T90,306,USED_TERMINAL
781,T121,312,USED_TERMINAL
781,T184,286,USED_TERMINAL
782,T61,368,USED_TERMINAL
782,T71,371,USED_TERMINAL
782,T72,359,USED_TERMINAL
782,T98,352,USED_TERMINAL
783,T18,489,USED_TERMINAL
783,T58,477,USED_TERMINAL
783,T96,469,USED_TERMINAL
783,T130,512,USED_TERMINAL
783,T150,487,USED_TERMINAL
783,T171,513,USED_TERMINAL
784,T18,64,USED_TERMINAL
784,T58,48,USED_TERMINAL
784,T81,40,USED_TERMINAL
784,T99,63,USED_TERMINAL
784,T113,48,USED_TERMINAL
784,T124,48,USED_TERMINAL
784,T127,49,USED_TERMINAL
784,T130,40,USED_TERMINAL
784,T197,46,USED_TERMINAL
785,T19,112,USED_TERMINAL
785,T36,127,USED_TERMINAL
785,T57,144,USED_TERMINAL
785,T111,123,USED_TERMINAL
785,T165,115,USED_TERMINAL
785,T186,98,USED_TERMINAL
786,T10,354,USED_TERMINAL
786,T12,345,USED_TERMINAL
786,T97,409,USED_TERMINAL
786,T104,376,USED_TERMINAL
786,T114,410,USED_TERMINAL
786,T140,359,USED_TERMINAL
786,T150,378,USED_TERMINAL
786,T155,342,USED_TERMINAL
786,T170,366,USED_TERMINAL
787,T34,224,USED_TERMINAL
787,T40,211,USED_TERMINAL
787,T48,197,USED_TERMINAL
787,T52,217,USED_TERMINAL
787,T62,212,USED_TERMINAL
787,T101,250,USED_TERMINAL
787,T122,205,USED_TERMINAL
787,T169,248,USED_TERMINAL
787,T181,230,USED_TERMINAL
787,T188,226,USED_TERMINAL
788,T11,204,USED_TERMINAL
788,T50,195,USED_TERMINAL
788,T129,229,USED_TERMINAL
789,T0,945,USED_TERMINAL
789,T5,954,USED_TERMINAL
789,T160,937,USED_TERMINAL
789,T198,968,USED_TERMINAL
790,T28,43,USED_TERMINAL
790,T59,55,USED_TERMINAL
790,T70,54,USED_TERMINAL
790,T76,53,USED_TERMINAL
790,T90,55,USED_TERMINAL
790,T121,53,USED_TERMINAL
790,T189,56,USED_TERMINAL
791,T78,586,USED_TERMINAL
791,T93,581,USED_TERMINAL
791,T129,568,USED_TERMINAL
791,T157,585,USED_TERMINAL
791,T163,602,USED_TERMINAL
791,T166,592,USED_TERMINAL
792,T4,148,USED_TERMINAL
792,T8,141,USED_TERMINAL
792,T46,136,USED_TERMINAL
792,T50,134,USED_TERMINAL
792,T102,130,USED_TERMINAL
792,T115,129,USED_TERMINAL
792,T117,146,USED_TERMINAL
792,T160,138,USED_TERMINAL
792,T190,140,USED_TERMINAL
793,T28,90,USED_TERMINAL
793,T70,99,USED_TERMINAL
793,T76,98,USED_TERMINAL
793,T90,78,USED_TERMINAL
793,T121,99,USED_TERMINAL
793,T184,84,USED_TERMINAL
793,T189,117,USED_TERMINAL
794,T134,511,USED_TERMINAL
794,T162,495,USED_TERMINAL
795,T3,565,USED_TERMINAL
795,T9,534,USED_TERMINAL
795,T26,596,USED_TERMINAL
795,T64,569,USED_TERMINAL
795,T110,592,USED_TERMINAL
796,T33,452,USED_TERMINAL
796,T44,424,USED_TERMINAL
796,T122,458,USED_TERMINAL
796,T151,454,USED_TERMINAL
796,T173,437,USED_TERMINAL
797,T13,211,USED_TERMINAL
797,T60,229,USED_TERMINAL
797,T72,227,USED_TERMINAL
797,T82,239,USED_TERMINAL
798,T63,413,USED_TERMINAL
798,T65,412,USED_TERMINAL
798,T94,416,USED_TERMINAL
798,T99,410,USED_TERMINAL
798,T113,415,USED_TERMINAL
798,T124,439,USED_TERMINAL
798,T197,427,USED_TERMINAL
799,T34,242,USED_TERMINAL
799,T40,251,USED_TERMINAL
799,T48,240,USED_TERMINAL
799,T52,209,USED_TERMINAL
799,T56,231,USED_TERMINAL
799,T100,214,USED_TERMINAL
799,T101,266,USED_TERMINAL
799,T137,243,USED_TERMINAL
799,T182,223,USED_TERMINAL
799,T183,234,USED_TERMINAL
800,T38,475,USED_TERMINAL
800,T51,443,USED_TERMINAL
800,T68,509,USED_TERMINAL
800,T132,498,USED_TERMINAL
800,T178,505,USED_TERMINAL
801,T95,575,USED_TERMINAL
801,T147,569,USED_TERMINAL
801,T148,547,USED_TERMINAL
801,T185,552,USED_TERMINAL
801,T196,559,USED_TERMINAL
802,T76,376,USED_TERMINAL
802,T88,361,USED_TERMINAL
802,T90,373,USED_TERMINAL
802,T121,379,USED_TERMINAL
802,T141,363,USED_TERMINAL
802,T154,344,USED_TERMINAL
802,T177,354,USED_TERMINAL
803,T15,194,USED_TERMINAL
803,T22,210,USED_TERMINAL
803,T30,222,USED_TERMINAL
803,T83,238,USED_TERMINAL
803,T89,199,USED_TERMINAL
803,T107,213,USED_TERMINAL
803,T123,211,USED_TERMINAL
803,T138,196,USED_TERMINAL
803,T152,211,USED_TERMINAL
803,T157,205,USED_TERMINAL
804,T86,134,USED_TERMINAL
804,T154,137,USED_TERMINAL
805,T15,122,USED_TERMINAL
805,T22,147,USED_TERMINAL
805,T30,127,USED_TERMINAL
805,T83,126,USED_TERMINAL
805,T89,118,USED_TERMINAL
805,T123,141,USED_TERMINAL
805,T187,138,USED_TERMINAL
805,T194,147,USED_TERMINAL
806,T6,496,USED_TERMINAL
806,T14,509,USED_TERMINAL
806,T45,461,USED_TERMINAL
807,T17,214,USED_TERMINAL
807,T41,180,USED_TERMINAL
807,T67,192,USED_TERMINAL
807,T88,206,USED_TERMINAL
807,T116,192,USED_TERMINAL
807,T141,194,USED_TERMINAL
807,T158,196,USED_TERMINAL
807,T189,190,USED_TERMINAL
808,T10,69,USED_TERMINAL
808,T12,78,USED_TERMINAL
808,T58,71,USED_TERMINAL
808,T114,71,USED_TERMINAL
808,T130,66,USED_TERMINAL
808,T140,68,USED_TERMINAL
808,T150,53,USED_TERMINAL
808,T170,52,USED_TERMINAL
808,T171,65,USED_TERMINAL
808,T179,78,USED_TERMINAL
809,T16,277,USED_TERMINAL
809,T34,252,USED_TERMINAL
809,T40,290,USED_TERMINAL
809,T48,290,USED_TERMINAL
809,T52,302,USED_TERMINAL
809,T100,290,USED_TERMINAL
809,T101,321,USED_TERMINAL
809,T137,279,USED_TERMINAL
809,T181,300,USED_TERMINAL
809,T182,260,USED_TERMINAL
809,T183,309,USED_TERMINAL
810,T13,1071,USED_TERMINAL
810,T60,1097,USED_TERMINAL
810,T72,1093,USED_TERMINAL
811,T59,730,USED_TERMINAL
811,T67,714,USED_TERMINAL
811,T91,748,USED_TERMINAL
811,T158,728,USED_TERMINAL
811,T189,705,USED_TERMINAL
813,T38,1412,USED_TERMINAL
814,T26,250,USED_TERMINAL
814,T176,257,USED_TERMINAL
814,T192,269,USED_TERMINAL
815,T34,383,USED_TERMINAL
815,T40,383,USED_TERMINAL
815,T48,360,USED_TERMINAL
815,T52,372,USED_TERMINAL
815,T62,377,USED_TERMINAL
815,T100,347,USED_TERMINAL
815,T101,394,USED_TERMINAL
815,T122,393,USED_TERMINAL
815,T169,381,USED_TERMINAL
815,T181,402,USED_TERMINAL
816,T6,34,USED_TERMINAL
816,T14,43,USED_TERMINAL
816,T45,41,USED_TERMINAL
817,T12,294,USED_TERMINAL
817,T97,288,USED_TERMINAL
817,T104,279,USED_TERMINAL
817,T140,294,USED_TERMINAL
817,T155,277,USED_TERMINAL
817,T170,294,USED_TERMINAL
818,T63,519,USED_TERMINAL
818,T94,524,USED_TERMINAL
818,T113,500,USED_TERMINAL
818,T119,524,USED_TERMINAL
818,T143,543,USED_TERMINAL
818,T145,477,USED_TERMINAL
819,T0,336,USED_TERMINAL
819,T5,339,USED_TERMINAL
819,T46,328,USED_TERMINAL
819,T117,345,USED_TERMINAL
819,T128,357,USED_TERMINAL
819,T160,362,USED_TERMINAL
819,T164,359,USED_TERMINAL
819,T190,347,USED_TERMINAL
820,T60,78,USED_TERMINAL
820,T71,93,USED_TERMINAL
820,T72,69,USED_TERMINAL
821,T102,722,USED_TERMINAL
821,T134,713,USED_TERMINAL
821,T135,722,USED_TERMINAL
822,T18,1,USED_TERMINAL
822,T58,1,USED_TERMINAL
822,T124,2,USED_TERMINAL
822,T130,3,USED_TERMINAL
823,T21,140,USED_TERMINAL
823,T42,147,USED_TERMINAL
823,T77,145,USED_TERMINAL
823,T92,122,USED_TERMINAL
823,T120,129,USED_TERMINAL
823,T139,141,USED_TERMINAL
823,T142,117,USED_TERMINAL
823,T159,138,USED_TERMINAL
823,T168,133,USED_TERMINAL
823,T195,121,USED_TERMINAL
824,T42,339,USED_TERMINAL
824,T85,313,USED_TERMINAL
824,T112,342,USED_TERMINAL
824,T120,314,USED_TERMINAL
824,T126,321,USED_TERMINAL
824,T142,313,USED_TERMINAL
824,T159,297,USED_TERMINAL
824,T168,307,USED_TERMINAL
825,T24,449,USED_TERMINAL
825,T95,446,USED_TERMINAL
825,T147,449,USED_TERMINAL
825,T148,422,USED_TERMINAL
825,T156,453,USED_TERMINAL
825,T161,429,USED_TERMINAL
825,T180,455,USED_TERMINAL
825,T196,434,USED_TERMINAL
826,T28,384,USED_TERMINAL
826,T70,337,USED_TERMINAL
826,T76,380,USED_TERMINAL
826,T88,380,USED_TERMINAL
826,T90,388,USED_TERMINAL
826,T121,402,USED_TERMINAL
826,T141,383,USED_TERMINAL
826,T189,348,USED_TERMINAL
827,T4,157,USED_TERMINAL
827,T8,158,USED_TERMINAL
827,T50,151,USED_TERMINAL
827,T129,134,USED_TERMINAL
828,T16,352,USED_TERMINAL
828,T183,358,USED_TERMINAL
829,T28,163,USED_TERMINAL
829,T37,161,USED_TERMINAL
829,T70,154,USED_TERMINAL
829,T76,152,USED_TERMINAL
829,T121,171,USED_TERMINAL
829,T184,150,USED_TERMINAL
830,T102,1293,USED_TERMINAL
830,T134,1244,USED_TERMINAL
831,T43,421,USED_TERMINAL
831,T105,425,USED_TERMINAL
831,T126,430,USED_TERMINAL
832,T31,570,USED_TERMINAL
832,T33,525,USED_TERMINAL
832,T133,603,USED_TERMINAL
832,T136,624,USED_TERMINAL
832,T151,574,USED_TERMINAL
832,T193,567,USED_TERMINAL
833,T4,290,USED_TERMINAL
833,T8,275,USED_TERMINAL
833,T46,272,USED_TERMINAL
833,T50,264,USED_TERMINAL
833,T102,282,USED_TERMINAL
833,T115,244,USED_TERMINAL
833,T129,284,USED_TERMINAL
833,T160,273,USED_TERMINAL
833,T190,284,USED_TERMINAL
834,T20,191,USED_TERMINAL
834,T79,196,USED_TERMINAL
835,T38,573,USED_TERMINAL
835,T51,588,USED_TERMINAL
836,T43,291,USED_TERMINAL
836,T65,281,USED_TERMINAL
836,T94,271,USED_TERMINAL
836,T105,270,USED_TERMINAL
837,T4,122,USED_TERMINAL
837,T8,151,USED_TERMINAL
837,T50,144,USED_TERMINAL
837,T102,132,USED_TERMINAL
837,T129,121,USED_TERMINAL
839,T17,144,USED_TERMINAL
839,T41,149,USED_TERMINAL
839,T67,126,USED_TERMINAL
839,T88,168,USED_TERMINAL
839,T116,153,USED_TERMINAL
839,T141,158,USED_TERMINAL
839,T158,141,USED_TERMINAL
839,T189,168,USED_TERMINAL
840,T23,750,USED_TERMINAL
840,T35,784,USED_TERMINAL
840,T67,738,USED_TERMINAL
840,T116,793,USED_TERMINAL
840,T132,763,USED_TERMINAL
841,T17,455,USED_TERMINAL
841,T31,457,USED_TERMINAL
841,T41,483,USED_TERMINAL
841,T68,449,USED_TERMINAL
841,T88,417,USED_TERMINAL
841,T116,471,USED_TERMINAL
841,T141,464,USED_TERMINAL
841,T177,469,USED_TERMINAL
842,T0,739,USED_TERMINAL
842,T5,691,USED_TERMINAL
842,T11,708,USED_TERMINAL
842,T139,680,USED_TERMINAL
842,T198,703,USED_TERMINAL
843,T3,115,USED_TERMINAL
843,T15,106,USED_TERMINAL
843,T22,116,USED_TERMINAL
843,T30,112,USED_TERMINAL
843,T64,118,USED_TERMINAL
843,T89,109,USED_TERMINAL
843,T110,101,USED_TERMINAL
843,T123,98,USED_TERMINAL
843,T187,103,USED_TERMINAL
844,T33,229,USED_TERMINAL
844,T44,226,USED_TERMINAL
844,T84,217,USED_TERMINAL
844,T103,232,USED_TERMINAL
844,T151,257,USED_TERMINAL
844,T173,213,USED_TERMINAL
845,T63,311,USED_TERMINAL
845,T81,308,USED_TERMINAL
845,T87,317,USED_TERMINAL
845,T113,320,USED_TERMINAL
845,T127,305,USED_TERMINAL
845,T143,310,USED_TERMINAL
845,T144,327,USED_TERMINAL
845,T145,283,USED_TERMINAL
845,T197,310,USED_TERMINAL
846,T29,319,USED_TERMINAL
846,T87,326,USED_TERMINAL
846,T117,296,USED_TERMINAL
846,T128,315,USED_TERMINAL
846,T144,304,USED_TERMINAL
846,T164,310,USED_TERMINAL
847,T34,94,USED_TERMINAL
847,T40,101,USED_TERMINAL
847,T48,111,USED_TERMINAL
847,T52,106,USED_TERMINAL
847,T62,112,USED_TERMINAL
847,T101,109,USED_TERMINAL
847,T122,102,USED_TERMINAL
847,T169,89,USED_TERMINAL
847,T181,104,USED_TERMINAL
847,T188,97,USED_TERMINAL
848,T7,496,USED_TERMINAL
848,T25,480,USED_TERMINAL
848,T49,433,USED_TERMINAL
848,T93,434,USED_TERMINAL
848,T118,476,USED_TERMINAL
848,T163,468,USED_TERMINAL
848,T172,430,USED_TERMINAL
849,T50,532,USED_TERMINAL
849,T78,508,USED_TERMINAL
849,T80,486,USED_TERMINAL
849,T129,512,USED_TERMINAL
849,T157,519,USED_TERMINAL
849,T166,532,USED_TERMINAL
850,T43,352,USED_TERMINAL
850,T65,340,USED_TERMINAL
850,T94,351,USED_TERMINAL
851,T11,250,USED_TERMINAL
851,T21,211,USED_TERMINAL
851,T73,219,USED_TERMINAL
851,T77,233,USED_TERMINAL
851,T92,233,USED_TERMINAL
851,T139,230,USED_TERMINAL
851,T198,218,USED_TERMINAL
852,T1,633,USED_TERMINAL
852,T61,640,USED_TERMINAL
852,T89,576,USED_TERMINAL
852,T98,626,USED_TERMINAL
852,T187,629,USED_TERMINAL
853,T91,284,USED_TERMINAL
853,T109,303,USED_TERMINAL
853,T167,287,USED_TERMINAL
853,T174,291,USED_TERMINAL
854,T43,406,USED_TERMINAL
854,T94,352,USED_TERMINAL
854,T105,429,USED_TERMINAL
855,T63,415,USED_TERMINAL
855,T65,399,USED_TERMINAL
855,T81,432,USED_TERMINAL
855,T94,437,USED_TERMINAL
855,T99,412,USED_TERMINAL
855,T113,354,USED_TERMINAL
855,T127,397,USED_TERMINAL
855,T197,443,USED_TERMINAL
856,T2,458,USED_TERMINAL
856,T9,433,USED_TERMINAL
856,T55,458,USED_TERMINAL
856,T106,471,USED_TERMINAL
856,T156,454,USED_TERMINAL
856,T161,451,USED_TERMINAL
857,T23,651,USED_TERMINAL
857,T38,691,USED_TERMINAL
857,T51,661,USED_TERMINAL
858,T33,246,USED_TERMINAL
858,T44,257,USED_TERMINAL
858,T84,218,USED_TERMINAL
858,T103,279,USED_TERMINAL
858,T151,243,USED_TERMINAL
858,T173,286,USED_TERMINAL
859,T35,1502,USED_TERMINAL
859,T67,1498,USED_TERMINAL
860,T0,122,USED_TERMINAL
860,T5,119,USED_TERMINAL
860,T11,132,USED_TERMINAL
860,T129,136,USED_TERMINAL
860,T160,121,USED_TERMINAL
860,T198,124,USED_TERMINAL
861,T6,82,USED_TERMINAL
861,T21,75,USED_TERMINAL
861,T42,91,USED_TERMINAL
861,T92,90,USED_TERMINAL
861,T112,88,USED_TERMINAL
861,T120,84,USED_TERMINAL
861,T139,87,USED_TERMINAL
861,T142,116,USED_TERMINAL
861,T159,90,USED_TERMINAL
861,T168,84,USED_TERMINAL
862,T95,161,USED_TERMINAL
862,T147,192,USED_TERMINAL
862,T148,184,USED_TERMINAL
862,T185,178,USED_TERMINAL
862,T196,157,USED_TERMINAL
863,T66,368,USED_TERMINAL
863,T74,371,USED_TERMINAL
864,T1,191,USED_TERMINAL
864,T61,217,USED_TERMINAL
864,T89,197,USED_TERMINAL
864,T98,203,USED_TERMINAL
864,T187,206,USED_TERMINAL
865,T86,1243,USED_TERMINAL
865,T146,1165,USED_TERMINAL
865,T162,1211,USED_TERMINAL
866,T39,531,USED_TERMINAL
866,T69,514,USED_TERMINAL
866,T96,550,USED_TERMINAL
866,T131,567,USED_TERMINAL
866,T171,519,USED_TERMINAL
866,T175,532,USED_TERMINAL
867,T4,136,USED_TERMINAL
867,T102,153,USED_TERMINAL
867,T115,155,USED_TERMINAL
867,T134,169,USED_TERMINAL
867,T162,165,USED_TERMINAL
867,T199,143,USED_TERMINAL
868,T23,184,USED_TERMINAL
868,T38,197,USED_TERMINAL
868,T132,182,USED_TERMINAL
868,T149,170,USED_TERMINAL
868,T191,197,USED_TERMINAL
869,T39,9,USED_TERMINAL
869,T69,8,USED_TERMINAL
869,T96,8,USED_TERMINAL
869,T131,9,USED_TERMINAL
869,T171,5,USED_TERMINAL
869,T175,5,USED_TERMINAL
869,T188,10,USED_TERMINAL
870,T35,968,USED_TERMINAL
870,T149,1017,USED_TERMINAL
870,T191,997,USED_TERMINAL
871,T20,236,USED_TERMINAL
871,T56,237,USED_TERMINAL
871,T69,249,USED_TERMINAL
871,T79,244,USED_TERMINAL
872,T37,821,USED_TERMINAL
872,T47,815,USED_TERMINAL
872,T153,818,USED_TERMINAL
872,T180,820,USED_TERMINAL
873,T28,250,USED_TERMINAL
873,T59,245,USED_TERMINAL
873,T76,215,USED_TERMINAL
873,T88,260,USED_TERMINAL
873,T90,246,USED_TERMINAL
873,T121,246,USED_TERMINAL
873,T141,258,USED_TERMINAL
873,T158,252,USED_TERMINAL
873,T189,258,USED_TERMINAL
874,T37,742,USED_TERMINAL
874,T47,701,USED_TERMINAL
874,T184,718,USED_TERMINAL
875,T31,25,USED_TERMINAL
875,T33,18,USED_TERMINAL
875,T84,22,USED_TERMINAL
875,T103,21,USED_TERMINAL
875,T133,28,USED_TERMINAL
875,T136,33,USED_TERMINAL
875,T146,22,USED_TERMINAL
876,T18,81,USED_TERMINAL
876,T54,102,USED_TERMINAL
876,T58,85,USED_TERMINAL
876,T65,69,USED_TERMINAL
876,T81,79,USED_TERMINAL
876,T99,67,USED_TERMINAL
876,T113,85,USED_TERMINAL
876,T124,83,USED_TERMINAL
876,T127,94,USED_TERMINAL
876,T197,88,USED_TERMINAL
877,T31,443,USED_TERMINAL
877,T133,440,USED_TERMINAL
877,T169,460,USED_TERMINAL
877,T178,483,USED_TERMINAL
877,T193,493,USED_TERMINAL
878,T109,2613,USED_TERMINAL
879,T119,649,USED_TERMINAL
879,T139,722,USED_TERMINAL
879,T168,677,USED_TERMINAL
879,T198,693,USED_TERMINAL
880,T27,513,USED_TERMINAL
880,T28,472,USED_TERMINAL
880,T70,450,USED_TERMINAL
880,T76,424,USED_TERMINAL
880,T121,412,USED_TERMINAL
880,T184,463,USED_TERMINAL
881,T32,252,USED_TERMINAL
881,T78,234,USED_TERMINAL
881,T83,221,USED_TERMINAL
881,T107,209,USED_TERMINAL
881,T157,223,USED_TERMINAL
881,T163,223,USED_TERMINAL
881,T172,259,USED_TERMINAL
881,T194,215,USED_TERMINAL
882,T27,73,USED_TERMINAL
882,T37,88,USED_TERMINAL
882,T147,90,USED_TERMINAL
882,T148,87,USED_TERMINAL
883,T6,189,USED_TERMINAL
883,T14,183,USED_TERMINAL
883,T36,186,USED_TERMINAL
883,T42,181,USED_TERMINAL
883,T92,186,USED_TERMINAL
883,T111,177,USED_TERMINAL
883,T142,184,USED_TERMINAL
883,T159,177,USED_TERMINAL
883,T195,172,USED_TERMINAL
884,T59,573,USED_TERMINAL
884,T91,557,USED_TERMINAL
884,T109,578,USED_TERMINAL
884,T167,572,USED_TERMINAL
884,T174,537,USED_TERMINAL
885,T33,429,USED_TERMINAL
885,T44,430,USED_TERMINAL
885,T84,455,USED_TERMINAL
885,T103,434,USED_TERMINAL
885,T128,434,USED_TERMINAL
885,T151,410,USED_TERMINAL
885,T173,428,USED_TERMINAL
886,T2,246,USED_TERMINAL
886,T9,252,USED_TERMINAL
886,T55,226,USED_TERMINAL
886,T71,225,USED_TERMINAL
886,T106,255,USED_TERMINAL
886,T161,215,USED_TERMINAL
887,T135,332,USED_TERMINAL
887,T153,327,USED_TERMINAL
887,T176,300,USED_TERMINAL
887,T192,350,USED_TERMINAL
888,T17,544,USED_TERMINAL
888,T88,509,USED_TERMINAL
888,T90,511,USED_TERMINAL
888,T141,496,USED_TERMINAL
888,T158,496,USED_TERMINAL
888,T189,484,USED_TERMINAL
889,T16,159,USED_TERMINAL
889,T34,176,USED_TERMINAL
889,T40,148,USED_TERMINAL
889,T48,171,USED_TERMINAL
889,T52,160,USED_TERMINAL
889,T56,150,USED_TERMINAL
889,T62,181,USED_TERMINAL
889,T100,168,USED_TERMINAL
889,T101,152,USED_TERMINAL
889,T137,152,USED_TERMINAL
889,T181,142,USED_TERMINAL
889,T182,177,USED_TERMINAL
889,T188,174,USED_TERMINAL
890,T17,507,USED_TERMINAL
890,T86,480,USED_TERMINAL
890,T88,518,USED_TERMINAL
890,T141,523,USED_TERMINAL
890,T154,493,USED_TERMINAL
890,T177,531,USED_TERMINAL
891,T28,540,USED_TERMINAL
891,T70,588,USED_TERMINAL
891,T76,577,USED_TERMINAL
891,T90,582,USED_TERMINAL
891,T121,572,USED_TERMINAL
891,T184,560,USED_TERMINAL
892,T6,232,USED_TERMINAL
892,T42,224,USED_TERMINAL
892,T85,234,USED_TERMINAL
892,T112,249,USED_TERMINAL
892,T120,250,USED_TERMINAL
893,T17,451,USED_TERMINAL
893,T86,456,USED_TERMINAL
893,T88,460,USED_TERMINAL
893,T90,448,USED_TERMINAL
893,T141,453,USED_TERMINAL
893,T154,438,USED_TERMINAL
893,T177,450,USED_TERMINAL
894,T33,228,USED_TERMINAL
894,T44,213,USED_TERMINAL
894,T84,195,USED_TERMINAL
894,T103,189,USED_TERMINAL
894,T128,243,USED_TERMINAL
894,T151,213,USED_TERMINAL
894,T173,195,USED_TERMINAL
895,T35,777,USED_TERMINAL
896,T21,7,USED_TERMINAL
896,T73,9,USED_TERMINAL
896,T77,8,USED_TERMINAL
896,T92,6,USED_TERMINAL
896,T139,10,USED_TERMINAL
896,T142,6,USED_TERMINAL
896,T159,3,USED_TERMINAL
896,T186,10,USED_TERMINAL
896,T195,7,USED_TERMINAL
897,T32,85,USED_TERMINAL
897,T49,100,USED_TERMINAL
897,T83,103,USED_TERMINAL
897,T118,100,USED_TERMINAL
897,T194,103,USED_TERMINAL
898,T76,227,USED_TERMINAL
898,T88,244,USED_TERMINAL
898,T90,228,USED_TERMINAL
898,T121,226,USED_TERMINAL
898,T141,235,USED_TERMINAL
898,T154,213,USED_TERMINAL
898,T189,225,USED_TERMINAL
899,T45,562,USED_TERMINAL
899,T75,581,USED_TERMINAL
899,T108,592,USED_TERMINAL
900,T6,610,USED_TERMINAL
900,T42,573,USED_TERMINAL
900,T85,589,USED_TERMINAL
900,T112,529,USED_TERMINAL
900,T120,560,USED_TERMINAL
901,T134,969,USED_TERMINAL
901,T162,1060,USED_TERMINAL
902,T33,63,USED_TERMINAL
902,T44,77,USED_TERMINAL
902,T84,62,USED_TERMINAL
902,T103,53,USED_TERMINAL
902,T151,56,USED_TERMINAL
902,T173,72,USED_TERMINAL
903,T24,128,USED_TERMINAL
903,T37,136,USED_TERMINAL
903,T47,123,USED_TERMINAL
903,T148,112,USED_TERMINAL
903,T153,122,USED_TERMINAL
903,T180,127,USED_TERMINAL
904,T27,703,USED_TERMINAL
904,T66,680,USED_TERMINAL
904,T74,677,USED_TERMINAL
905,T7,65,USED_TERMINAL
905,T19,56,USED_TERMINAL
905,T25,65,USED_TERMINAL
905,T49,57,USED_TERMINAL
905,T57,61,USED_TERMINAL
905,T118,66,USED_TERMINAL
905,T172,57,USED_TERMINAL
906,T35,70,USED_TERMINAL
906,T67,76,USED_TERMINAL
906,T116,77,USED_TERMINAL
907,T39,114,USED_TERMINAL
907,T44,122,USED_TERMINAL
907,T122,105,USED_TERMINAL
907,T131,121,USED_TERMINAL
907,T151,125,USED_TERMINAL
907,T173,132,USED_TERMINAL
907,T175,138,USED_TERMINAL
908,T59,147,USED_TERMINAL
908,T90,164,USED_TERMINAL
908,T91,142,USED_TERMINAL
908,T158,161,USED_TERMINAL
908,T189,162,USED_TERMINAL
909,T43,886,USED_TERMINAL
909,T94,893,USED_TERMINAL
909,T119,875,USED_TERMINAL
910,T27,662,USED_TERMINAL
910,T37,652,USED_TERMINAL
910,T147,670,USED_TERMINAL
910,T148,688,USED_TERMINAL
910,T184,640,USED_TERMINAL
911,T20,322,USED_TERMINAL
911,T79,329,USED_TERMINAL
911,T104,303,USED_TERMINAL
911,T155,332,USED_TERMINAL
912,T40,491,USED_TERMINAL
912,T48,528,USED_TERMINAL
912,T62,476,USED_TERMINAL
912,T122,481,USED_TERMINAL
912,T169,508,USED_TERMINAL
912,T181,506,USED_TERMINAL
913,T1,527,USED_TERMINAL
913,T15,502,USED_TERMINAL
913,T30,524,USED_TERMINAL
913,T64,526,USED_TERMINAL
913,T89,481,USED_TERMINAL
913,T123,525,USED_TERMINAL
913,T187,526,USED_TERMINAL
914,T38,537,USED_TERMINAL
914,T51,509,USED_TERMINAL
914,T68,509,USED_TERMINAL
915,T63,195,USED_TERMINAL
915,T65,196,USED_TERMINAL
915,T94,219,USED_TERMINAL
915,T99,193,USED_TERMINAL
915,T113,188,USED_TERMINAL
915,T197,231,USED_TERMINAL
916,T33,64,USED_TERMINAL
916,T84,95,USED_TERMINAL
916,T103,61,USED_TERMINAL
916,T133,78,USED_TERMINAL
916,T136,87,USED_TERMINAL
916,T146,84,USED_TERMINAL
916,T151,82,USED_TERMINAL
917,T0,495,USED_TERMINAL
917,T63,548,USED_TERMINAL
917,T87,522,USED_TERMINAL
917,T119,510,USED_TERMINAL
917,T143,535,USED_TERMINAL
917,T144,569,USED_TERMINAL
917,T145,538,USED_TERMINAL
918,T102,1029,USED_TERMINAL
918,T134,1062,USED_TERMINAL
918,T135,1002,USED_TERMINAL
919,T18,453,USED_TERMINAL
919,T29,392,USED_TERMINAL
919,T81,450,USED_TERMINAL
919,T87,436,USED_TERMINAL
919,T96,442,USED_TERMINAL
919,T127,447,USED_TERMINAL
919,T144,416,USED_TERMINAL
919,T197,436,USED_TERMINAL
920,T13,83,USED_TERMINAL
920,T60,81,USED_TERMINAL
920,T71,81,USED_TERMINAL
920,T72,77,USED_TERMINAL
921,T32,290,USED_TERMINAL
921,T49,329,USED_TERMINAL
921,T83,298,USED_TERMINAL
921,T107,305,USED_TERMINAL
921,T118,299,USED_TERMINAL
921,T163,317,USED_TERMINAL
921,T172,308,USED_TERMINAL
921,T194,352,USED_TERMINAL
922,T12,42,USED_TERMINAL
922,T20,71,USED_TERMINAL
922,T79,64,USED_TERMINAL
922,T104,59,USED_TERMINAL
922,T140,52,USED_TERMINAL
922,T155,79,USED_TERMINAL
923,T97,461,USED_TERMINAL
923,T104,476,USED_TERMINAL
923,T155,485,USED_TERMINAL
923,T170,424,USED_TERMINAL
924,T36,398,USED_TERMINAL
924,T57,389,USED_TERMINAL
924,T73,369,USED_TERMINAL
924,T93,413,USED_TERMINAL
924,T163,402,USED_TERMINAL
924,T165,390,USED_TERMINAL
924,T172,413,USED_TERMINAL
924,T186,380,USED_TERMINAL
925,T27,851,USED_TERMINAL
925,T66,763,USED_TERMINAL
925,T70,762,USED_TERMINAL
925,T74,809,USED_TERMINAL
926,T44,631,USED_TERMINAL
926,T131,588,USED_TERMINAL
926,T151,608,USED_TERMINAL
926,T173,589,USED_TERMINAL
927,T29,417,USED_TERMINAL
927,T44,400,USED_TERMINAL
927,T84,448,USED_TERMINAL
927,T103,415,USED_TERMINAL
927,T128,405,USED_TERMINAL
927,T151,418,USED_TERMINAL
927,T173,402,USED_TERMINAL
928,T4,146,USED_TERMINAL
928,T8,143,USED_TERMINAL
928,T50,165,USED_TERMINAL
928,T102,155,USED_TERMINAL
928,T134,172,USED_TERMINAL
929,T24,176,USED_TERMINAL
929,T95,168,USED_TERMINAL
929,T147,148,USED_TERMINAL
929,T148,175,USED_TERMINAL
929,T156,177,USED_TERMINAL
929,T161,161,USED_TERMINAL
929,T180,154,USED_TERMINAL
929,T185,186,USED_TERMINAL
929,T196,168,USED_TERMINAL
930,T9,211,USED_TERMINAL
930,T61,203,USED_TERMINAL
930,T64,228,USED_TERMINAL
930,T98,232,USED_TERMINAL
931,T24,174,USED_TERMINAL
931,T37,192,USED_TERMINAL
931,T147,177,USED_TERMINAL
931,T148,191,USED_TERMINAL
931,T153,193,USED_TERMINAL
931,T156,207,USED_TERMINAL
931,T180,192,USED_TERMINAL
932,T32,40,USED_TERMINAL
932,T78,33,USED_TERMINAL
932,T93,38,USED_TERMINAL
932,T107,37,USED_TERMINAL
932,T163,36,USED_TERMINAL
932,T172,26,USED_TERMINAL
933,T3,295,USED_TERMINAL
933,T15,262,USED_TERMINAL
933,T22,298,USED_TERMINAL
933,T30,231,USED_TERMINAL
933,T107,277,USED_TERMINAL
933,T110,261,USED_TERMINAL
933,T138,284,USED_TERMINAL
933,T152,296,USED_TERMINAL
933,T157,264,USED_TERMINAL
934,T19,1354,USED_TERMINAL
934,T57,1324,USED_TERMINAL
935,T1,395,USED_TERMINAL
935,T15,399,USED_TERMINAL
935,T22,397,USED_TERMINAL
935,T30,430,USED_TERMINAL
935,T83,382,USED_TERMINAL
935,T89,388,USED_TERMINAL
935,T123,417,USED_TERMINAL
935,T187,409,USED_TERMINAL
936,T73,63,USED_TERMINAL
936,T77,62,USED_TERMINAL
936,T78,72,USED_TERMINAL
936,T93,67,USED_TERMINAL
936,T163,71,USED_TERMINAL
936,T165,50,USED_TERMINAL
936,T172,72,USED_TERMINAL
936,T186,56,USED_TERMINAL
937,T16,84,USED_TERMINAL
937,T34,105,USED_TERMINAL
937,T40,100,USED_TERMINAL
937,T48,96,USED_TERMINAL
937,T52,97,USED_TERMINAL
937,T62,93,USED_TERMINAL
937,T100,92,USED_TERMINAL
937,T101,98,USED_TERMINAL
937,T137,100,USED_TERMINAL
937,T181,90,USED_TERMINAL
937,T182,122,USED_TERMINAL
937,T183,98,USED_TERMINAL
938,T10,308,USED_TERMINAL
938,T12,253,USED_TERMINAL
938,T58,297,USED_TERMINAL
938,T97,257,USED_TERMINAL
938,T104,261,USED_TERMINAL
938,T114,301,USED_TERMINAL
938,T140,285,USED_TERMINAL
938,T150,294,USED_TERMINAL
938,T155,311,USED_TERMINAL
938,T170,295,USED_TERMINAL
938,T171,274,USED_TERMINAL
938,T179,269,USED_TERMINAL
939,T134,1758,USED_TERMINAL
939,T135,1860,USED_TERMINAL
940,T6,379,USED_TERMINAL
940,T14,411,USED_TERMINAL
940,T21,374,USED_TERMINAL
940,T36,372,USED_TERMINAL
940,T42,368,USED_TERMINAL
940,T77,370,USED_TERMINAL
940,T92,388,USED_TERMINAL
940,T142,387,USED_TERMINAL
940,T159,393,USED_TERMINAL
940,T195,370,USED_TERMINAL
941,T10,93,USED_TERMINAL
941,T12,125,USED_TERMINAL
941,T58,91,USED_TERMINAL
941,T97,93,USED_TERMINAL
941,T104,95,USED_TERMINAL
941,T114,102,USED_TERMINAL
941,T140,96,USED_TERMINAL
941,T150,82,USED_TERMINAL
941,T155,119,USED_TERMINAL
941,T170,114,USED_TERMINAL
941,T171,94,USED_TERMINAL
942,T78,456,USED_TERMINAL
942,T80,528,USED_TERMINAL
942,T107,502,USED_TERMINAL
942,T152,476,USED_TERMINAL
942,T157,477,USED_TERMINAL
942,T166,509,USED_TERMINAL
943,T78,113,USED_TERMINAL
943,T80,109,USED_TERMINAL
943,T107,117,USED_TERMINAL
943,T152,132,USED_TERMINAL
943,T157,125,USED_TERMINAL
943,T163,120,USED_TERMINAL
943,T166,104,USED_TERMINAL
944,T76,259,USED_TERMINAL
944,T121,280,USED_TERMINAL
944,T154,257,USED_TERMINAL
945,T23,117,USED_TERMINAL
945,T38,118,USED_TERMINAL
945,T51,116,USED_TERMINAL
945,T132,123,USED_TERMINAL
946,T17,237,USED_TERMINAL
946,T76,217,USED_TERMINAL
946,T88,229,USED_TERMINAL
946,T90,231,USED_TERMINAL
946,T141,241,USED_TERMINAL
946,T154,209,USED_TERMINAL
946,T177,180,USED_TERMINAL
947,T28,326,USED_TERMINAL
947,T70,342,USED_TERMINAL
947,T76,320,USED_TERMINAL
947,T88,345,USED_TERMINAL
947,T90,364,USED_TERMINAL
947,T121,342,USED_TERMINAL
947,T141,355,USED_TERMINAL
947,T154,373,USED_TERMINAL
947,T189,351,USED_TERMINAL
948,T6,385,USED_TERMINAL
948,T14,380,USED_TERMINAL
948,T42,433,USED_TERMINAL
948,T120,414,USED_TERMINAL
948,T142,441,USED_TERMINAL
948,T159,413,USED_TERMINAL
948,T168,365,USED_TERMINAL
949,T63,79,USED_TERMINAL
949,T119,48,USED_TERMINAL
949,T143,62,USED_TERMINAL
949,T145,73,USED_TERMINAL
950,T85,593,USED_TERMINAL
951,T91,308,USED_TERMINAL
951,T109,310,USED_TERMINAL
951,T167,297,USED_TERMINAL
951,T174,286,USED_TERMINAL
952,T45,426,USED_TERMINAL
952,T53,410,USED_TERMINAL
952,T75,394,USED_TERMINAL
952,T108,405,USED_TERMINAL
952,T125,359,USED_TERMINAL
953,T39,144,USED_TERMINAL
953,T40,153,USED_TERMINAL
953,T122,141,USED_TERMINAL
953,T131,153,USED_TERMINAL
953,T175,141,USED_TERMINAL
953,T188,123,USED_TERMINAL
954,T23,271,USED_TERMINAL
954,T38,262,USED_TERMINAL
954,T51,252,USED_TERMINAL
954,T68,267,USED_TERMINAL
954,T116,254,USED_TERMINAL
954,T132,261,USED_TERMINAL
955,T7,526,USED_TERMINAL
955,T19,543,USED_TERMINAL
955,T25,538,USED_TERMINAL
955,T57,508,USED_TERMINAL
955,T172,501,USED_TERMINAL
956,T80,782,USED_TERMINAL
956,T138,779,USED_TERMINAL
957,T54,377,USED_TERMINAL
957,T65,399,USED_TERMINAL
957,T99,423,USED_TERMINAL
957,T113,423,USED_TERMINAL
957,T124,428,USED_TERMINAL
958,T27,122,USED_TERMINAL
958,T37,109,USED_TERMINAL
958,T147,124,USED_TERMINAL
958,T148,114,USED_TERMINAL
958,T185,101,USED_TERMINAL
959,T29,195,USED_TERMINAL
959,T87,195,USED_TERMINAL
959,T143,160,USED_TERMINAL
959,T144,199,USED_TERMINAL
959,T145,190,USED_TERMINAL
959,T164,216,USED_TERMINAL
960,T37,1080,USED_TERMINAL
960,T47,1086,USED_TERMINAL
960,T153,1082,USED_TERMINAL
961,T59,189,USED_TERMINAL
961,T91,165,USED_TERMINAL
961,T109,175,USED_TERMINAL
961,T167,195,USED_TERMINAL
961,T174,196,USED_TERMINAL
962,T36,341,USED_TERMINAL
962,T57,313,USED_TERMINAL
962,T111,338,USED_TERMINAL
962,T165,299,USED_TERMINAL
962,T186,329,USED_TERMINAL
962,T195,298,USED_TERMINAL
963,T28,34,USED_TERMINAL
963,T70,45,USED_TERMINAL
963,T76,42,USED_TERMINAL
963,T121,36,USED_TERMINAL
963,T184,41,USED_TERMINAL
964,T53,1189,USED_TERMINAL
964,T108,1122,USED_TERMINAL
964,T125,1209,USED_TERMINAL
965,T86,103,USED_TERMINAL
965,T146,114,USED_TERMINAL
965,T162,103,USED_TERMINAL
966,T11,711,USED_TERMINAL
966,T50,708,USED_TERMINAL
966,T129,669,USED_TERMINAL
967,T59,646,USED_TERMINAL
967,T67,650,USED_TERMINAL
967,T91,651,USED_TERMINAL
967,T158,695,USED_TERMINAL
967,T189,679,USED_TERMINAL
968,T9,759,USED_TERMINAL
968,T26,790,USED_TERMINAL
968,T176,783,USED_TERMINAL
968,T192,769,USED_TERMINAL
969,T3,304,USED_TERMINAL
969,T26,291,USED_TERMINAL
969,T110,319,USED_TERMINAL
969,T176,333,USED_TERMINAL
969,T192,333,USED_TERMINAL
970,T33,462,USED_TERMINAL
970,T84,449,USED_TERMINAL
970,T103,470,USED_TERMINAL
970,T133,478,USED_TERMINAL
970,T136,493,USED_TERMINAL
970,T146,464,USED_TERMINAL
970,T151,455,USED_TERMINAL
971,T34,191,USED_TERMINAL
971,T40,180,USED_TERMINAL
971,T48,155,USED_TERMINAL
971,T52,169,USED_TERMINAL
971,T62,184,USED_TERMINAL
971,T101,181,USED_TERMINAL
971,T122,179,USED_TERMINAL
971,T169,198,USED_TERMINAL
971,T181,169,USED_TERMINAL
971,T188,148,USED_TERMINAL
972,T1,275,USED_TERMINAL
972,T61,263,USED_TERMINAL
972,T64,268,USED_TERMINAL
972,T89,310,USED_TERMINAL
972,T98,282,USED_TERMINAL
972,T187,293,USED_TERMINAL
973,T34,62,USED_TERMINAL
973,T40,78,USED_TERMINAL
973,T48,62,USED_TERMINAL
973,T52,72,USED_TERMINAL
973,T62,69,USED_TERMINAL
973,T101,77,USED_TERMINAL
973,T122,78,USED_TERMINAL
973,T169,82,USED_TERMINAL
973,T181,78,USED_TERMINAL
973,T188,71,USED_TERMINAL
974,T24,129,USED_TERMINAL
974,T55,124,USED_TERMINAL
974,T95,125,USED_TERMINAL
974,T106,152,USED_TERMINAL
974,T156,139,USED_TERMINAL
974,T161,142,USED_TERMINAL
974,T176,126,USED_TERMINAL
974,T180,147,USED_TERMINAL
975,T28,248,USED_TERMINAL
975,T70,208,USED_TERMINAL
975,T76,215,USED_TERMINAL
975,T90,220,USED_TERMINAL
975,T121,227,USED_TERMINAL
975,T184,222,USED_TERMINAL
976,T134,601,USED_TERMINAL
976,T135,600,USED_TERMINAL
977,T59,524,USED_TERMINAL
977,T91,552,USED_TERMINAL
977,T109,501,USED_TERMINAL
977,T167,491,USED_TERMINAL
977,T174,581,USED_TERMINAL
978,T28,179,USED_TERMINAL
978,T70,194,USED_TERMINAL
978,T76,187,USED_TERMINAL
978,T90,192,USED_TERMINAL
978,T121,217,USED_TERMINAL
978,T184,194,USED_TERMINAL
979,T28,276,USED_TERMINAL
979,T59,254,USED_TERMINAL
979,T70,252,USED_TERMINAL
979,T76,245,USED_TERMINAL
979,T90,244,USED_TERMINAL
979,T121,264,USED_TERMINAL
979,T189,245,USED_TERMINAL
980,T11,83,USED_TERMINAL
980,T21,70,USED_TERMINAL
980,T73,97,USED_TERMINAL
980,T77,85,USED_TERMINAL
980,T92,88,USED_TERMINAL
980,T139,83,USED_TERMINAL
980,T195,84,USED_TERMINAL
981,T53,1052,USED_TERMINAL
981,T108,1002,USED_TERMINAL
982,T2,230,USED_TERMINAL
982,T9,244,USED_TERMINAL
982,T13,230,USED_TERMINAL
982,T55,238,USED_TERMINAL
982,T71,240,USED_TERMINAL
982,T72,225,USED_TERMINAL
982,T82,205,USED_TERMINAL
982,T106,257,USED_TERMINAL
983,T31,305,USED_TERMINAL
983,T33,314,USED_TERMINAL
983,T133,315,USED_TERMINAL
983,T151,279,USED_TERMINAL
983,T193,321,USED_TERMINAL
984,T15,183,USED_TERMINAL
984,T22,160,USED_TERMINAL
984,T30,157,USED_TERMINAL
984,T83,169,USED_TERMINAL
984,T89,160,USED_TERMINAL
984,T123,160,USED_TERMINAL
984,T187,132,USED_TERMINAL
984,T194,161,USED_TERMINAL
985,T79,488,USED_TERMINAL
985,T104,495,USED_TERMINAL
985,T155,450,USED_TERMINAL
986,T0,38,USED_TERMINAL
986,T5,27,USED_TERMINAL
986,T119,23,USED_TERMINAL
986,T139,35,USED_TERMINAL
986,T145,21,USED_TERMINAL
986,T198,29,USED_TERMINAL
987,T7,664,USED_TERMINAL
987,T78,662,USED_TERMINAL
987,T93,649,USED_TERMINAL
987,T163,653,USED_TERMINAL
987,T172,631,USED_TERMINAL
988,T50,407,USED_TERMINAL
988,T80,448,USED_TERMINAL
988,T129,434,USED_TERMINAL
988,T157,411,USED_TERMINAL
988,T166,439,USED_TERMINAL
989,T24,65,USED_TERMINAL
989,T37,64,USED_TERMINAL
989,T147,64,USED_TERMINAL
989,T148,66,USED_TERMINAL
989,T153,76,USED_TERMINAL
989,T156,57,USED_TERMINAL
989,T161,72,USED_TERMINAL
989,T180,64,USED_TERMINAL
990,T16,292,USED_TERMINAL
990,T34,335,USED_TERMINAL
990,T48,322,USED_TERMINAL
990,T52,284,USED_TERMINAL
990,T62,302,USED_TERMINAL
990,T100,325,USED_TERMINAL
990,T169,336,USED_TERMINAL
990,T181,284,USED_TERMINAL
990,T183,314,USED_TERMINAL
991,T19,84,USED_TERMINAL
991,T36,95,USED_TERMINAL
991,T57,89,USED_TERMINAL
991,T111,89,USED_TERMINAL
991,T165,83,USED_TERMINAL
991,T186,66,USED_TERMINAL
992,T45,701,USED_TERMINAL
992,T53,729,USED_TERMINAL
992,T75,773,USED_TERMINAL
992,T108,746,USED_TERMINAL
992,T125,700,USED_TERMINAL
993,T46,516,USED_TERMINAL
993,T115,521,USED_TERMINAL
993,T117,516,USED_TERMINAL
993,T146,529,USED_TERMINAL
993,T162,532,USED_TERMINAL
993,T190,548,USED_TERMINAL
993,T199,465,USED_TERMINAL
994,T33,106,USED_TERMINAL
994,T133,126,USED_TERMINAL
994,T151,94,USED_TERMINAL
994,T173,129,USED_TERMINAL
994,T178,94,USED_TERMINAL
994,T193,118,USED_TERMINAL
995,T134,148,USED_TERMINAL
995,T135,143,USED_TERMINAL
996,T22,34,USED_TERMINAL
996,T32,24,USED_TERMINAL
996,T83,31,USED_TERMINAL
996,T107,42,USED_TERMINAL
996,T118,42,USED_TERMINAL
996,T123,27,USED_TERMINAL
996,T194,24,USED_TERMINAL
997,T147,241,USED_TERMINAL
997,T148,253,USED_TERMINAL
997,T185,252,USED_TERMINAL
997,T196,231,USED_TERMINAL
998,T3,158,USED_TERMINAL
998,T15,171,USED_TERMINAL
998,T22,177,USED_TERMINAL
998,T30,192,USED_TERMINAL
998,T110,187,USED_TERMINAL
998,T138,167,USED_TERMINAL
998,T152,155,USED_TERMINAL
998,T157,170,USED_TERMINAL
999,T119,299,USED_TERMINAL
999,T139,273,USED_TERMINAL
999,T143,262,USED_TERMINAL
999,T198,281,USED_TERMINAL
